"date","value","topic","variable_short","variable_long","location","unit","source","update","public","description","day","tag","Periode","woche","salary_day"
2020-01-01,31.7,"Wirtschaft","bezug_bargeld","Bargeldbezug CH","CH","Mio. Fr.","SIX BBS AG","tÃ¤glich","ja","https://github.com/statistikZH/covid19monitoring_economy_SIX","Wednesday","Mittwoche","Feier- und Festtage",1,NA
2020-01-01,39.6,"Wirtschaft","stat_einkauf","StationÃ¤rer Einkauf CH","CH","Mio. Fr.","SIX BBS AG","tÃ¤glich","ja","https://github.com/statistikZH/covid19monitoring_economy_SIX","Wednesday","Mittwoche","Feier- und Festtage",1,NA
2020-01-02,76.9,"Wirtschaft","bezug_bargeld","Bargeldbezug CH","CH","Mio. Fr.","SIX BBS AG","tÃ¤glich","ja","https://github.com/statistikZH/covid19monitoring_economy_SIX","Thursday","Donnerstage","Feier- und Festtage",1,NA
2020-01-02,77,"Wirtschaft","stat_einkauf","StationÃ¤rer Einkauf CH","CH","Mio. Fr.","SIX BBS AG","tÃ¤glich","ja","https://github.com/statistikZH/covid19monitoring_economy_SIX","Thursday","Donnerstage","Feier- und Festtage",1,NA
2020-01-03,139.8,"Wirtschaft","bezug_bargeld","Bargeldbezug CH","CH","Mio. Fr.","SIX BBS AG","tÃ¤glich","ja","https://github.com/statistikZH/covid19monitoring_economy_SIX","Friday","Freitage","Prä-Lockdown",1,"Dezember"
2020-01-03,131.3,"Wirtschaft","stat_einkauf","StationÃ¤rer Einkauf CH","CH","Mio. Fr.","SIX BBS AG","tÃ¤glich","ja","https://github.com/statistikZH/covid19monitoring_economy_SIX","Friday","Freitage","Prä-Lockdown",1,"Dezember"
2020-01-04,92.2,"Wirtschaft","bezug_bargeld","Bargeldbezug CH","CH","Mio. Fr.","SIX BBS AG","tÃ¤glich","ja","https://github.com/statistikZH/covid19monitoring_economy_SIX","Saturday","Samstage","Prä-Lockdown",1,"Dezember"
2020-01-04,139.5,"Wirtschaft","stat_einkauf","StationÃ¤rer Einkauf CH","CH","Mio. Fr.","SIX BBS AG","tÃ¤glich","ja","https://github.com/statistikZH/covid19monitoring_economy_SIX","Saturday","Samstage","Prä-Lockdown",1,"Dezember"
2020-01-05,40.6,"Wirtschaft","bezug_bargeld","Bargeldbezug CH","CH","Mio. Fr.","SIX BBS AG","tÃ¤glich","ja","https://github.com/statistikZH/covid19monitoring_economy_SIX","Sunday","Sonntage","Prä-Lockdown",1,"Dezember"
2020-01-05,26,"Wirtschaft","stat_einkauf","StationÃ¤rer Einkauf CH","CH","Mio. Fr.","SIX BBS AG","tÃ¤glich","ja","https://github.com/statistikZH/covid19monitoring_economy_SIX","Sunday","Sonntage","Prä-Lockdown",1,"Dezember"
2020-01-06,114.9,"Wirtschaft","bezug_bargeld","Bargeldbezug CH","CH","Mio. Fr.","SIX BBS AG","tÃ¤glich","ja","https://github.com/statistikZH/covid19monitoring_economy_SIX","Monday","Montage","Prä-Lockdown",2,"Dezember"
2020-01-06,107.3,"Wirtschaft","stat_einkauf","StationÃ¤rer Einkauf CH","CH","Mio. Fr.","SIX BBS AG","tÃ¤glich","ja","https://github.com/statistikZH/covid19monitoring_economy_SIX","Monday","Montage","Prä-Lockdown",2,"Dezember"
2020-01-07,114.3,"Wirtschaft","bezug_bargeld","Bargeldbezug CH","CH","Mio. Fr.","SIX BBS AG","tÃ¤glich","ja","https://github.com/statistikZH/covid19monitoring_economy_SIX","Tuesday","Dienstage","Prä-Lockdown",2,"Dezember"
2020-01-07,96.3,"Wirtschaft","stat_einkauf","StationÃ¤rer Einkauf CH","CH","Mio. Fr.","SIX BBS AG","tÃ¤glich","ja","https://github.com/statistikZH/covid19monitoring_economy_SIX","Tuesday","Dienstage","Prä-Lockdown",2,"Dezember"
2020-01-08,106.4,"Wirtschaft","bezug_bargeld","Bargeldbezug CH","CH","Mio. Fr.","SIX BBS AG","tÃ¤glich","ja","https://github.com/statistikZH/covid19monitoring_economy_SIX","Wednesday","Mittwoche","Prä-Lockdown",2,"Dezember"
2020-01-08,99.6,"Wirtschaft","stat_einkauf","StationÃ¤rer Einkauf CH","CH","Mio. Fr.","SIX BBS AG","tÃ¤glich","ja","https://github.com/statistikZH/covid19monitoring_economy_SIX","Wednesday","Mittwoche","Prä-Lockdown",2,"Dezember"
2020-01-09,103.7,"Wirtschaft","bezug_bargeld","Bargeldbezug CH","CH","Mio. Fr.","SIX BBS AG","tÃ¤glich","ja","https://github.com/statistikZH/covid19monitoring_economy_SIX","Thursday","Donnerstage","Prä-Lockdown",2,"Dezember"
2020-01-09,99.6,"Wirtschaft","stat_einkauf","StationÃ¤rer Einkauf CH","CH","Mio. Fr.","SIX BBS AG","tÃ¤glich","ja","https://github.com/statistikZH/covid19monitoring_economy_SIX","Thursday","Donnerstage","Prä-Lockdown",2,"Dezember"
2020-01-10,121.6,"Wirtschaft","bezug_bargeld","Bargeldbezug CH","CH","Mio. Fr.","SIX BBS AG","tÃ¤glich","ja","https://github.com/statistikZH/covid19monitoring_economy_SIX","Friday","Freitage","Prä-Lockdown",2,"Dezember"
2020-01-10,123.4,"Wirtschaft","stat_einkauf","StationÃ¤rer Einkauf CH","CH","Mio. Fr.","SIX BBS AG","tÃ¤glich","ja","https://github.com/statistikZH/covid19monitoring_economy_SIX","Friday","Freitage","Prä-Lockdown",2,"Dezember"
2020-01-11,96.5,"Wirtschaft","bezug_bargeld","Bargeldbezug CH","CH","Mio. Fr.","SIX BBS AG","tÃ¤glich","ja","https://github.com/statistikZH/covid19monitoring_economy_SIX","Saturday","Samstage","Prä-Lockdown",2,"Dezember"
2020-01-11,153.2,"Wirtschaft","stat_einkauf","StationÃ¤rer Einkauf CH","CH","Mio. Fr.","SIX BBS AG","tÃ¤glich","ja","https://github.com/statistikZH/covid19monitoring_economy_SIX","Saturday","Samstage","Prä-Lockdown",2,"Dezember"
2020-01-12,36.6,"Wirtschaft","bezug_bargeld","Bargeldbezug CH","CH","Mio. Fr.","SIX BBS AG","tÃ¤glich","ja","https://github.com/statistikZH/covid19monitoring_economy_SIX","Sunday","Sonntage","Prä-Lockdown",2,"Dezember"
2020-01-12,28,"Wirtschaft","stat_einkauf","StationÃ¤rer Einkauf CH","CH","Mio. Fr.","SIX BBS AG","tÃ¤glich","ja","https://github.com/statistikZH/covid19monitoring_economy_SIX","Sunday","Sonntage","Prä-Lockdown",2,"Dezember"
2020-01-13,84.1,"Wirtschaft","bezug_bargeld","Bargeldbezug CH","CH","Mio. Fr.","SIX BBS AG","tÃ¤glich","ja","https://github.com/statistikZH/covid19monitoring_economy_SIX","Monday","Montage","Prä-Lockdown",3,"Dezember"
2020-01-13,104.5,"Wirtschaft","stat_einkauf","StationÃ¤rer Einkauf CH","CH","Mio. Fr.","SIX BBS AG","tÃ¤glich","ja","https://github.com/statistikZH/covid19monitoring_economy_SIX","Monday","Montage","Prä-Lockdown",3,"Dezember"
2020-01-14,81.3,"Wirtschaft","bezug_bargeld","Bargeldbezug CH","CH","Mio. Fr.","SIX BBS AG","tÃ¤glich","ja","https://github.com/statistikZH/covid19monitoring_economy_SIX","Tuesday","Dienstage","Prä-Lockdown",3,"Dezember"
2020-01-14,90.3,"Wirtschaft","stat_einkauf","StationÃ¤rer Einkauf CH","CH","Mio. Fr.","SIX BBS AG","tÃ¤glich","ja","https://github.com/statistikZH/covid19monitoring_economy_SIX","Tuesday","Dienstage","Prä-Lockdown",3,"Dezember"
2020-01-15,84.4,"Wirtschaft","bezug_bargeld","Bargeldbezug CH","CH","Mio. Fr.","SIX BBS AG","tÃ¤glich","ja","https://github.com/statistikZH/covid19monitoring_economy_SIX","Wednesday","Mittwoche","Prä-Lockdown",3,"Dezember"
2020-01-15,94.4,"Wirtschaft","stat_einkauf","StationÃ¤rer Einkauf CH","CH","Mio. Fr.","SIX BBS AG","tÃ¤glich","ja","https://github.com/statistikZH/covid19monitoring_economy_SIX","Wednesday","Mittwoche","Prä-Lockdown",3,"Dezember"
2020-01-16,86.4,"Wirtschaft","bezug_bargeld","Bargeldbezug CH","CH","Mio. Fr.","SIX BBS AG","tÃ¤glich","ja","https://github.com/statistikZH/covid19monitoring_economy_SIX","Thursday","Donnerstage","Prä-Lockdown",3,"Dezember"
2020-01-16,96.1,"Wirtschaft","stat_einkauf","StationÃ¤rer Einkauf CH","CH","Mio. Fr.","SIX BBS AG","tÃ¤glich","ja","https://github.com/statistikZH/covid19monitoring_economy_SIX","Thursday","Donnerstage","Prä-Lockdown",3,"Dezember"
2020-01-17,103.1,"Wirtschaft","bezug_bargeld","Bargeldbezug CH","CH","Mio. Fr.","SIX BBS AG","tÃ¤glich","ja","https://github.com/statistikZH/covid19monitoring_economy_SIX","Friday","Freitage","Prä-Lockdown",3,"Dezember"
2020-01-17,117.1,"Wirtschaft","stat_einkauf","StationÃ¤rer Einkauf CH","CH","Mio. Fr.","SIX BBS AG","tÃ¤glich","ja","https://github.com/statistikZH/covid19monitoring_economy_SIX","Friday","Freitage","Prä-Lockdown",3,"Dezember"
2020-01-18,93,"Wirtschaft","bezug_bargeld","Bargeldbezug CH","CH","Mio. Fr.","SIX BBS AG","tÃ¤glich","ja","https://github.com/statistikZH/covid19monitoring_economy_SIX","Saturday","Samstage","Prä-Lockdown",3,"Dezember"
2020-01-18,148.6,"Wirtschaft","stat_einkauf","StationÃ¤rer Einkauf CH","CH","Mio. Fr.","SIX BBS AG","tÃ¤glich","ja","https://github.com/statistikZH/covid19monitoring_economy_SIX","Saturday","Samstage","Prä-Lockdown",3,"Dezember"
2020-01-19,33.5,"Wirtschaft","bezug_bargeld","Bargeldbezug CH","CH","Mio. Fr.","SIX BBS AG","tÃ¤glich","ja","https://github.com/statistikZH/covid19monitoring_economy_SIX","Sunday","Sonntage","Prä-Lockdown",3,"Dezember"
2020-01-19,27.5,"Wirtschaft","stat_einkauf","StationÃ¤rer Einkauf CH","CH","Mio. Fr.","SIX BBS AG","tÃ¤glich","ja","https://github.com/statistikZH/covid19monitoring_economy_SIX","Sunday","Sonntage","Prä-Lockdown",3,"Dezember"
2020-01-20,77.9,"Wirtschaft","bezug_bargeld","Bargeldbezug CH","CH","Mio. Fr.","SIX BBS AG","tÃ¤glich","ja","https://github.com/statistikZH/covid19monitoring_economy_SIX","Monday","Montage","Prä-Lockdown",4,"Dezember"
2020-01-20,102.9,"Wirtschaft","stat_einkauf","StationÃ¤rer Einkauf CH","CH","Mio. Fr.","SIX BBS AG","tÃ¤glich","ja","https://github.com/statistikZH/covid19monitoring_economy_SIX","Monday","Montage","Prä-Lockdown",4,"Dezember"
2020-01-21,77.5,"Wirtschaft","bezug_bargeld","Bargeldbezug CH","CH","Mio. Fr.","SIX BBS AG","tÃ¤glich","ja","https://github.com/statistikZH/covid19monitoring_economy_SIX","Tuesday","Dienstage","Prä-Lockdown",4,"Dezember"
2020-01-21,86.2,"Wirtschaft","stat_einkauf","StationÃ¤rer Einkauf CH","CH","Mio. Fr.","SIX BBS AG","tÃ¤glich","ja","https://github.com/statistikZH/covid19monitoring_economy_SIX","Tuesday","Dienstage","Prä-Lockdown",4,"Dezember"
2020-01-22,81.4,"Wirtschaft","bezug_bargeld","Bargeldbezug CH","CH","Mio. Fr.","SIX BBS AG","tÃ¤glich","ja","https://github.com/statistikZH/covid19monitoring_economy_SIX","Wednesday","Mittwoche","Prä-Lockdown",4,"Dezember"
2020-01-22,91.1,"Wirtschaft","stat_einkauf","StationÃ¤rer Einkauf CH","CH","Mio. Fr.","SIX BBS AG","tÃ¤glich","ja","https://github.com/statistikZH/covid19monitoring_economy_SIX","Wednesday","Mittwoche","Prä-Lockdown",4,"Dezember"
2020-01-23,90,"Wirtschaft","bezug_bargeld","Bargeldbezug CH","CH","Mio. Fr.","SIX BBS AG","tÃ¤glich","ja","https://github.com/statistikZH/covid19monitoring_economy_SIX","Thursday","Donnerstage","Prä-Lockdown",4,"Dezember"
2020-01-23,94.3,"Wirtschaft","stat_einkauf","StationÃ¤rer Einkauf CH","CH","Mio. Fr.","SIX BBS AG","tÃ¤glich","ja","https://github.com/statistikZH/covid19monitoring_economy_SIX","Thursday","Donnerstage","Prä-Lockdown",4,"Dezember"
2020-01-24,200.5,"Wirtschaft","bezug_bargeld","Bargeldbezug CH","CH","Mio. Fr.","SIX BBS AG","tÃ¤glich","ja","https://github.com/statistikZH/covid19monitoring_economy_SIX","Friday","Freitage","Prä-Lockdown",4,"Januar"
2020-01-24,131,"Wirtschaft","stat_einkauf","StationÃ¤rer Einkauf CH","CH","Mio. Fr.","SIX BBS AG","tÃ¤glich","ja","https://github.com/statistikZH/covid19monitoring_economy_SIX","Friday","Freitage","Prä-Lockdown",4,"Januar"
2020-01-25,149.2,"Wirtschaft","bezug_bargeld","Bargeldbezug CH","CH","Mio. Fr.","SIX BBS AG","tÃ¤glich","ja","https://github.com/statistikZH/covid19monitoring_economy_SIX","Saturday","Samstage","Prä-Lockdown",4,"Januar"
2020-01-25,167.6,"Wirtschaft","stat_einkauf","StationÃ¤rer Einkauf CH","CH","Mio. Fr.","SIX BBS AG","tÃ¤glich","ja","https://github.com/statistikZH/covid19monitoring_economy_SIX","Saturday","Samstage","Prä-Lockdown",4,"Januar"
2020-01-26,55.5,"Wirtschaft","bezug_bargeld","Bargeldbezug CH","CH","Mio. Fr.","SIX BBS AG","tÃ¤glich","ja","https://github.com/statistikZH/covid19monitoring_economy_SIX","Sunday","Sonntage","Prä-Lockdown",4,"Januar"
2020-01-26,31.7,"Wirtschaft","stat_einkauf","StationÃ¤rer Einkauf CH","CH","Mio. Fr.","SIX BBS AG","tÃ¤glich","ja","https://github.com/statistikZH/covid19monitoring_economy_SIX","Sunday","Sonntage","Prä-Lockdown",4,"Januar"
2020-01-27,164.7,"Wirtschaft","bezug_bargeld","Bargeldbezug CH","CH","Mio. Fr.","SIX BBS AG","tÃ¤glich","ja","https://github.com/statistikZH/covid19monitoring_economy_SIX","Monday","Montage","Prä-Lockdown",5,"Januar"
2020-01-27,117.9,"Wirtschaft","stat_einkauf","StationÃ¤rer Einkauf CH","CH","Mio. Fr.","SIX BBS AG","tÃ¤glich","ja","https://github.com/statistikZH/covid19monitoring_economy_SIX","Monday","Montage","Prä-Lockdown",5,"Januar"
2020-01-28,136,"Wirtschaft","bezug_bargeld","Bargeldbezug CH","CH","Mio. Fr.","SIX BBS AG","tÃ¤glich","ja","https://github.com/statistikZH/covid19monitoring_economy_SIX","Tuesday","Dienstage","Prä-Lockdown",5,"Januar"
2020-01-28,95.8,"Wirtschaft","stat_einkauf","StationÃ¤rer Einkauf CH","CH","Mio. Fr.","SIX BBS AG","tÃ¤glich","ja","https://github.com/statistikZH/covid19monitoring_economy_SIX","Tuesday","Dienstage","Prä-Lockdown",5,"Januar"
2020-01-29,136.5,"Wirtschaft","bezug_bargeld","Bargeldbezug CH","CH","Mio. Fr.","SIX BBS AG","tÃ¤glich","ja","https://github.com/statistikZH/covid19monitoring_economy_SIX","Wednesday","Mittwoche","Prä-Lockdown",5,"Januar"
2020-01-29,101,"Wirtschaft","stat_einkauf","StationÃ¤rer Einkauf CH","CH","Mio. Fr.","SIX BBS AG","tÃ¤glich","ja","https://github.com/statistikZH/covid19monitoring_economy_SIX","Wednesday","Mittwoche","Prä-Lockdown",5,"Januar"
2020-01-30,139.8,"Wirtschaft","bezug_bargeld","Bargeldbezug CH","CH","Mio. Fr.","SIX BBS AG","tÃ¤glich","ja","https://github.com/statistikZH/covid19monitoring_economy_SIX","Thursday","Donnerstage","Prä-Lockdown",5,"Januar"
2020-01-30,104.8,"Wirtschaft","stat_einkauf","StationÃ¤rer Einkauf CH","CH","Mio. Fr.","SIX BBS AG","tÃ¤glich","ja","https://github.com/statistikZH/covid19monitoring_economy_SIX","Thursday","Donnerstage","Prä-Lockdown",5,"Januar"
2020-01-31,170.1,"Wirtschaft","bezug_bargeld","Bargeldbezug CH","CH","Mio. Fr.","SIX BBS AG","tÃ¤glich","ja","https://github.com/statistikZH/covid19monitoring_economy_SIX","Friday","Freitage","Prä-Lockdown",5,"Januar"
2020-01-31,129.5,"Wirtschaft","stat_einkauf","StationÃ¤rer Einkauf CH","CH","Mio. Fr.","SIX BBS AG","tÃ¤glich","ja","https://github.com/statistikZH/covid19monitoring_economy_SIX","Friday","Freitage","Prä-Lockdown",5,"Januar"
2020-02-01,142,"Wirtschaft","bezug_bargeld","Bargeldbezug CH","CH","Mio. Fr.","SIX BBS AG","tÃ¤glich","ja","https://github.com/statistikZH/covid19monitoring_economy_SIX","Saturday","Samstage","Prä-Lockdown",5,"Januar"
2020-02-01,164.7,"Wirtschaft","stat_einkauf","StationÃ¤rer Einkauf CH","CH","Mio. Fr.","SIX BBS AG","tÃ¤glich","ja","https://github.com/statistikZH/covid19monitoring_economy_SIX","Saturday","Samstage","Prä-Lockdown",5,"Januar"
2020-02-02,48.1,"Wirtschaft","bezug_bargeld","Bargeldbezug CH","CH","Mio. Fr.","SIX BBS AG","tÃ¤glich","ja","https://github.com/statistikZH/covid19monitoring_economy_SIX","Sunday","Sonntage","Prä-Lockdown",5,"Januar"
2020-02-02,29.5,"Wirtschaft","stat_einkauf","StationÃ¤rer Einkauf CH","CH","Mio. Fr.","SIX BBS AG","tÃ¤glich","ja","https://github.com/statistikZH/covid19monitoring_economy_SIX","Sunday","Sonntage","Prä-Lockdown",5,"Januar"
2020-02-03,136.3,"Wirtschaft","bezug_bargeld","Bargeldbezug CH","CH","Mio. Fr.","SIX BBS AG","tÃ¤glich","ja","https://github.com/statistikZH/covid19monitoring_economy_SIX","Monday","Montage","Prä-Lockdown",6,"Januar"
2020-02-03,112.7,"Wirtschaft","stat_einkauf","StationÃ¤rer Einkauf CH","CH","Mio. Fr.","SIX BBS AG","tÃ¤glich","ja","https://github.com/statistikZH/covid19monitoring_economy_SIX","Monday","Montage","Prä-Lockdown",6,"Januar"
2020-02-04,125.4,"Wirtschaft","bezug_bargeld","Bargeldbezug CH","CH","Mio. Fr.","SIX BBS AG","tÃ¤glich","ja","https://github.com/statistikZH/covid19monitoring_economy_SIX","Tuesday","Dienstage","Prä-Lockdown",6,"Januar"
2020-02-04,91.8,"Wirtschaft","stat_einkauf","StationÃ¤rer Einkauf CH","CH","Mio. Fr.","SIX BBS AG","tÃ¤glich","ja","https://github.com/statistikZH/covid19monitoring_economy_SIX","Tuesday","Dienstage","Prä-Lockdown",6,"Januar"
2020-02-05,133.9,"Wirtschaft","bezug_bargeld","Bargeldbezug CH","CH","Mio. Fr.","SIX BBS AG","tÃ¤glich","ja","https://github.com/statistikZH/covid19monitoring_economy_SIX","Wednesday","Mittwoche","Prä-Lockdown",6,"Januar"
2020-02-05,99.7,"Wirtschaft","stat_einkauf","StationÃ¤rer Einkauf CH","CH","Mio. Fr.","SIX BBS AG","tÃ¤glich","ja","https://github.com/statistikZH/covid19monitoring_economy_SIX","Wednesday","Mittwoche","Prä-Lockdown",6,"Januar"
2020-02-06,128.9,"Wirtschaft","bezug_bargeld","Bargeldbezug CH","CH","Mio. Fr.","SIX BBS AG","tÃ¤glich","ja","https://github.com/statistikZH/covid19monitoring_economy_SIX","Thursday","Donnerstage","Prä-Lockdown",6,"Januar"
2020-02-06,101.9,"Wirtschaft","stat_einkauf","StationÃ¤rer Einkauf CH","CH","Mio. Fr.","SIX BBS AG","tÃ¤glich","ja","https://github.com/statistikZH/covid19monitoring_economy_SIX","Thursday","Donnerstage","Prä-Lockdown",6,"Januar"
2020-02-07,148.1,"Wirtschaft","bezug_bargeld","Bargeldbezug CH","CH","Mio. Fr.","SIX BBS AG","tÃ¤glich","ja","https://github.com/statistikZH/covid19monitoring_economy_SIX","Friday","Freitage","Prä-Lockdown",6,"Januar"
2020-02-07,123,"Wirtschaft","stat_einkauf","StationÃ¤rer Einkauf CH","CH","Mio. Fr.","SIX BBS AG","tÃ¤glich","ja","https://github.com/statistikZH/covid19monitoring_economy_SIX","Friday","Freitage","Prä-Lockdown",6,"Januar"
2020-02-08,113,"Wirtschaft","bezug_bargeld","Bargeldbezug CH","CH","Mio. Fr.","SIX BBS AG","tÃ¤glich","ja","https://github.com/statistikZH/covid19monitoring_economy_SIX","Saturday","Samstage","Prä-Lockdown",6,"Januar"
2020-02-08,151.7,"Wirtschaft","stat_einkauf","StationÃ¤rer Einkauf CH","CH","Mio. Fr.","SIX BBS AG","tÃ¤glich","ja","https://github.com/statistikZH/covid19monitoring_economy_SIX","Saturday","Samstage","Prä-Lockdown",6,"Januar"
2020-02-09,42.2,"Wirtschaft","bezug_bargeld","Bargeldbezug CH","CH","Mio. Fr.","SIX BBS AG","tÃ¤glich","ja","https://github.com/statistikZH/covid19monitoring_economy_SIX","Sunday","Sonntage","Prä-Lockdown",6,"Januar"
2020-02-09,31,"Wirtschaft","stat_einkauf","StationÃ¤rer Einkauf CH","CH","Mio. Fr.","SIX BBS AG","tÃ¤glich","ja","https://github.com/statistikZH/covid19monitoring_economy_SIX","Sunday","Sonntage","Prä-Lockdown",6,"Januar"
2020-02-10,91.5,"Wirtschaft","bezug_bargeld","Bargeldbezug CH","CH","Mio. Fr.","SIX BBS AG","tÃ¤glich","ja","https://github.com/statistikZH/covid19monitoring_economy_SIX","Monday","Montage","Prä-Lockdown",7,"Januar"
2020-02-10,105.6,"Wirtschaft","stat_einkauf","StationÃ¤rer Einkauf CH","CH","Mio. Fr.","SIX BBS AG","tÃ¤glich","ja","https://github.com/statistikZH/covid19monitoring_economy_SIX","Monday","Montage","Prä-Lockdown",7,"Januar"
2020-02-11,90.7,"Wirtschaft","bezug_bargeld","Bargeldbezug CH","CH","Mio. Fr.","SIX BBS AG","tÃ¤glich","ja","https://github.com/statistikZH/covid19monitoring_economy_SIX","Tuesday","Dienstage","Prä-Lockdown",7,"Januar"
2020-02-11,90.6,"Wirtschaft","stat_einkauf","StationÃ¤rer Einkauf CH","CH","Mio. Fr.","SIX BBS AG","tÃ¤glich","ja","https://github.com/statistikZH/covid19monitoring_economy_SIX","Tuesday","Dienstage","Prä-Lockdown",7,"Januar"
2020-02-12,93.4,"Wirtschaft","bezug_bargeld","Bargeldbezug CH","CH","Mio. Fr.","SIX BBS AG","tÃ¤glich","ja","https://github.com/statistikZH/covid19monitoring_economy_SIX","Wednesday","Mittwoche","Prä-Lockdown",7,"Januar"
2020-02-12,96.3,"Wirtschaft","stat_einkauf","StationÃ¤rer Einkauf CH","CH","Mio. Fr.","SIX BBS AG","tÃ¤glich","ja","https://github.com/statistikZH/covid19monitoring_economy_SIX","Wednesday","Mittwoche","Prä-Lockdown",7,"Januar"
2020-02-13,92.5,"Wirtschaft","bezug_bargeld","Bargeldbezug CH","CH","Mio. Fr.","SIX BBS AG","tÃ¤glich","ja","https://github.com/statistikZH/covid19monitoring_economy_SIX","Thursday","Donnerstage","Prä-Lockdown",7,"Januar"
2020-02-13,98.9,"Wirtschaft","stat_einkauf","StationÃ¤rer Einkauf CH","CH","Mio. Fr.","SIX BBS AG","tÃ¤glich","ja","https://github.com/statistikZH/covid19monitoring_economy_SIX","Thursday","Donnerstage","Prä-Lockdown",7,"Januar"
2020-02-14,121,"Wirtschaft","bezug_bargeld","Bargeldbezug CH","CH","Mio. Fr.","SIX BBS AG","tÃ¤glich","ja","https://github.com/statistikZH/covid19monitoring_economy_SIX","Friday","Freitage","Feier- und Festtage",7,NA
2020-02-14,128.8,"Wirtschaft","stat_einkauf","StationÃ¤rer Einkauf CH","CH","Mio. Fr.","SIX BBS AG","tÃ¤glich","ja","https://github.com/statistikZH/covid19monitoring_economy_SIX","Friday","Freitage","Feier- und Festtage",7,NA
2020-02-15,102.7,"Wirtschaft","bezug_bargeld","Bargeldbezug CH","CH","Mio. Fr.","SIX BBS AG","tÃ¤glich","ja","https://github.com/statistikZH/covid19monitoring_economy_SIX","Saturday","Samstage","Prä-Lockdown",7,"Januar"
2020-02-15,148,"Wirtschaft","stat_einkauf","StationÃ¤rer Einkauf CH","CH","Mio. Fr.","SIX BBS AG","tÃ¤glich","ja","https://github.com/statistikZH/covid19monitoring_economy_SIX","Saturday","Samstage","Prä-Lockdown",7,"Januar"
2020-02-16,39.1,"Wirtschaft","bezug_bargeld","Bargeldbezug CH","CH","Mio. Fr.","SIX BBS AG","tÃ¤glich","ja","https://github.com/statistikZH/covid19monitoring_economy_SIX","Sunday","Sonntage","Prä-Lockdown",7,"Januar"
2020-02-16,30.2,"Wirtschaft","stat_einkauf","StationÃ¤rer Einkauf CH","CH","Mio. Fr.","SIX BBS AG","tÃ¤glich","ja","https://github.com/statistikZH/covid19monitoring_economy_SIX","Sunday","Sonntage","Prä-Lockdown",7,"Januar"
2020-02-17,78.2,"Wirtschaft","bezug_bargeld","Bargeldbezug CH","CH","Mio. Fr.","SIX BBS AG","tÃ¤glich","ja","https://github.com/statistikZH/covid19monitoring_economy_SIX","Monday","Montage","Prä-Lockdown",8,"Januar"
2020-02-17,105.9,"Wirtschaft","stat_einkauf","StationÃ¤rer Einkauf CH","CH","Mio. Fr.","SIX BBS AG","tÃ¤glich","ja","https://github.com/statistikZH/covid19monitoring_economy_SIX","Monday","Montage","Prä-Lockdown",8,"Januar"
2020-02-18,84,"Wirtschaft","bezug_bargeld","Bargeldbezug CH","CH","Mio. Fr.","SIX BBS AG","tÃ¤glich","ja","https://github.com/statistikZH/covid19monitoring_economy_SIX","Tuesday","Dienstage","Prä-Lockdown",8,"Januar"
2020-02-18,88.2,"Wirtschaft","stat_einkauf","StationÃ¤rer Einkauf CH","CH","Mio. Fr.","SIX BBS AG","tÃ¤glich","ja","https://github.com/statistikZH/covid19monitoring_economy_SIX","Tuesday","Dienstage","Prä-Lockdown",8,"Januar"
2020-02-19,86.4,"Wirtschaft","bezug_bargeld","Bargeldbezug CH","CH","Mio. Fr.","SIX BBS AG","tÃ¤glich","ja","https://github.com/statistikZH/covid19monitoring_economy_SIX","Wednesday","Mittwoche","Prä-Lockdown",8,"Januar"
2020-02-19,92.2,"Wirtschaft","stat_einkauf","StationÃ¤rer Einkauf CH","CH","Mio. Fr.","SIX BBS AG","tÃ¤glich","ja","https://github.com/statistikZH/covid19monitoring_economy_SIX","Wednesday","Mittwoche","Prä-Lockdown",8,"Januar"
2020-02-20,98.3,"Wirtschaft","bezug_bargeld","Bargeldbezug CH","CH","Mio. Fr.","SIX BBS AG","tÃ¤glich","ja","https://github.com/statistikZH/covid19monitoring_economy_SIX","Thursday","Donnerstage","Prä-Lockdown",8,"Januar"
2020-02-20,90.8,"Wirtschaft","stat_einkauf","StationÃ¤rer Einkauf CH","CH","Mio. Fr.","SIX BBS AG","tÃ¤glich","ja","https://github.com/statistikZH/covid19monitoring_economy_SIX","Thursday","Donnerstage","Prä-Lockdown",8,"Januar"
2020-02-21,119.4,"Wirtschaft","bezug_bargeld","Bargeldbezug CH","CH","Mio. Fr.","SIX BBS AG","tÃ¤glich","ja","https://github.com/statistikZH/covid19monitoring_economy_SIX","Friday","Freitage","Prä-Lockdown",8,"Januar"
2020-02-21,115.7,"Wirtschaft","stat_einkauf","StationÃ¤rer Einkauf CH","CH","Mio. Fr.","SIX BBS AG","tÃ¤glich","ja","https://github.com/statistikZH/covid19monitoring_economy_SIX","Friday","Freitage","Prä-Lockdown",8,"Januar"
2020-02-22,103.1,"Wirtschaft","bezug_bargeld","Bargeldbezug CH","CH","Mio. Fr.","SIX BBS AG","tÃ¤glich","ja","https://github.com/statistikZH/covid19monitoring_economy_SIX","Saturday","Samstage","Prä-Lockdown",8,"Januar"
2020-02-22,140.9,"Wirtschaft","stat_einkauf","StationÃ¤rer Einkauf CH","CH","Mio. Fr.","SIX BBS AG","tÃ¤glich","ja","https://github.com/statistikZH/covid19monitoring_economy_SIX","Saturday","Samstage","Prä-Lockdown",8,"Januar"
2020-02-23,41.3,"Wirtschaft","bezug_bargeld","Bargeldbezug CH","CH","Mio. Fr.","SIX BBS AG","tÃ¤glich","ja","https://github.com/statistikZH/covid19monitoring_economy_SIX","Sunday","Sonntage","Prä-Lockdown",8,"Januar"
2020-02-23,27.2,"Wirtschaft","stat_einkauf","StationÃ¤rer Einkauf CH","CH","Mio. Fr.","SIX BBS AG","tÃ¤glich","ja","https://github.com/statistikZH/covid19monitoring_economy_SIX","Sunday","Sonntage","Prä-Lockdown",8,"Januar"
2020-02-24,105.8,"Wirtschaft","bezug_bargeld","Bargeldbezug CH","CH","Mio. Fr.","SIX BBS AG","tÃ¤glich","ja","https://github.com/statistikZH/covid19monitoring_economy_SIX","Monday","Montage","Prä-Lockdown",9,"Januar"
2020-02-24,106.1,"Wirtschaft","stat_einkauf","StationÃ¤rer Einkauf CH","CH","Mio. Fr.","SIX BBS AG","tÃ¤glich","ja","https://github.com/statistikZH/covid19monitoring_economy_SIX","Monday","Montage","Prä-Lockdown",9,"Januar"
2020-02-25,200.2,"Wirtschaft","bezug_bargeld","Bargeldbezug CH","CH","Mio. Fr.","SIX BBS AG","tÃ¤glich","ja","https://github.com/statistikZH/covid19monitoring_economy_SIX","Tuesday","Dienstage","Prä-Lockdown",9,"Februar"
2020-02-25,105.6,"Wirtschaft","stat_einkauf","StationÃ¤rer Einkauf CH","CH","Mio. Fr.","SIX BBS AG","tÃ¤glich","ja","https://github.com/statistikZH/covid19monitoring_economy_SIX","Tuesday","Dienstage","Prä-Lockdown",9,"Februar"
2020-02-26,163.3,"Wirtschaft","bezug_bargeld","Bargeldbezug CH","CH","Mio. Fr.","SIX BBS AG","tÃ¤glich","ja","https://github.com/statistikZH/covid19monitoring_economy_SIX","Wednesday","Mittwoche","Prä-Lockdown",9,"Februar"
2020-02-26,111.4,"Wirtschaft","stat_einkauf","StationÃ¤rer Einkauf CH","CH","Mio. Fr.","SIX BBS AG","tÃ¤glich","ja","https://github.com/statistikZH/covid19monitoring_economy_SIX","Wednesday","Mittwoche","Prä-Lockdown",9,"Februar"
2020-02-27,170.3,"Wirtschaft","bezug_bargeld","Bargeldbezug CH","CH","Mio. Fr.","SIX BBS AG","tÃ¤glich","ja","https://github.com/statistikZH/covid19monitoring_economy_SIX","Thursday","Donnerstage","Prä-Lockdown",9,"Februar"
2020-02-27,118.9,"Wirtschaft","stat_einkauf","StationÃ¤rer Einkauf CH","CH","Mio. Fr.","SIX BBS AG","tÃ¤glich","ja","https://github.com/statistikZH/covid19monitoring_economy_SIX","Thursday","Donnerstage","Prä-Lockdown",9,"Februar"
2020-02-28,212.7,"Wirtschaft","bezug_bargeld","Bargeldbezug CH","CH","Mio. Fr.","SIX BBS AG","tÃ¤glich","ja","https://github.com/statistikZH/covid19monitoring_economy_SIX","Friday","Freitage","Prä-Lockdown",9,"Februar"
2020-02-28,147.4,"Wirtschaft","stat_einkauf","StationÃ¤rer Einkauf CH","CH","Mio. Fr.","SIX BBS AG","tÃ¤glich","ja","https://github.com/statistikZH/covid19monitoring_economy_SIX","Friday","Freitage","Prä-Lockdown",9,"Februar"
2020-02-29,156.1,"Wirtschaft","bezug_bargeld","Bargeldbezug CH","CH","Mio. Fr.","SIX BBS AG","tÃ¤glich","ja","https://github.com/statistikZH/covid19monitoring_economy_SIX","Saturday","Samstage","Prä-Lockdown",9,"Februar"
2020-02-29,173.5,"Wirtschaft","stat_einkauf","StationÃ¤rer Einkauf CH","CH","Mio. Fr.","SIX BBS AG","tÃ¤glich","ja","https://github.com/statistikZH/covid19monitoring_economy_SIX","Saturday","Samstage","Prä-Lockdown",9,"Februar"
2020-03-01,62.6,"Wirtschaft","bezug_bargeld","Bargeldbezug CH","CH","Mio. Fr.","SIX BBS AG","tÃ¤glich","ja","https://github.com/statistikZH/covid19monitoring_economy_SIX","Sunday","Sonntage","Prä-Lockdown",9,"Februar"
2020-03-01,30,"Wirtschaft","stat_einkauf","StationÃ¤rer Einkauf CH","CH","Mio. Fr.","SIX BBS AG","tÃ¤glich","ja","https://github.com/statistikZH/covid19monitoring_economy_SIX","Sunday","Sonntage","Prä-Lockdown",9,"Februar"
2020-03-02,159.6,"Wirtschaft","bezug_bargeld","Bargeldbezug CH","CH","Mio. Fr.","SIX BBS AG","tÃ¤glich","ja","https://github.com/statistikZH/covid19monitoring_economy_SIX","Monday","Montage","Prä-Lockdown",10,"Februar"
2020-03-02,117.6,"Wirtschaft","stat_einkauf","StationÃ¤rer Einkauf CH","CH","Mio. Fr.","SIX BBS AG","tÃ¤glich","ja","https://github.com/statistikZH/covid19monitoring_economy_SIX","Monday","Montage","Prä-Lockdown",10,"Februar"
2020-03-03,148.9,"Wirtschaft","bezug_bargeld","Bargeldbezug CH","CH","Mio. Fr.","SIX BBS AG","tÃ¤glich","ja","https://github.com/statistikZH/covid19monitoring_economy_SIX","Tuesday","Dienstage","Prä-Lockdown",10,"Februar"
2020-03-03,97.3,"Wirtschaft","stat_einkauf","StationÃ¤rer Einkauf CH","CH","Mio. Fr.","SIX BBS AG","tÃ¤glich","ja","https://github.com/statistikZH/covid19monitoring_economy_SIX","Tuesday","Dienstage","Prä-Lockdown",10,"Februar"
2020-03-04,138.5,"Wirtschaft","bezug_bargeld","Bargeldbezug CH","CH","Mio. Fr.","SIX BBS AG","tÃ¤glich","ja","https://github.com/statistikZH/covid19monitoring_economy_SIX","Wednesday","Mittwoche","Prä-Lockdown",10,"Februar"
2020-03-04,100.5,"Wirtschaft","stat_einkauf","StationÃ¤rer Einkauf CH","CH","Mio. Fr.","SIX BBS AG","tÃ¤glich","ja","https://github.com/statistikZH/covid19monitoring_economy_SIX","Wednesday","Mittwoche","Prä-Lockdown",10,"Februar"
2020-03-05,126,"Wirtschaft","bezug_bargeld","Bargeldbezug CH","CH","Mio. Fr.","SIX BBS AG","tÃ¤glich","ja","https://github.com/statistikZH/covid19monitoring_economy_SIX","Thursday","Donnerstage","Prä-Lockdown",10,"Februar"
2020-03-05,102,"Wirtschaft","stat_einkauf","StationÃ¤rer Einkauf CH","CH","Mio. Fr.","SIX BBS AG","tÃ¤glich","ja","https://github.com/statistikZH/covid19monitoring_economy_SIX","Thursday","Donnerstage","Prä-Lockdown",10,"Februar"
2020-03-06,158.4,"Wirtschaft","bezug_bargeld","Bargeldbezug CH","CH","Mio. Fr.","SIX BBS AG","tÃ¤glich","ja","https://github.com/statistikZH/covid19monitoring_economy_SIX","Friday","Freitage","Prä-Lockdown",10,"Februar"
2020-03-06,129.5,"Wirtschaft","stat_einkauf","StationÃ¤rer Einkauf CH","CH","Mio. Fr.","SIX BBS AG","tÃ¤glich","ja","https://github.com/statistikZH/covid19monitoring_economy_SIX","Friday","Freitage","Prä-Lockdown",10,"Februar"
2020-03-07,119.9,"Wirtschaft","bezug_bargeld","Bargeldbezug CH","CH","Mio. Fr.","SIX BBS AG","tÃ¤glich","ja","https://github.com/statistikZH/covid19monitoring_economy_SIX","Saturday","Samstage","Prä-Lockdown",10,"Februar"
2020-03-07,162.9,"Wirtschaft","stat_einkauf","StationÃ¤rer Einkauf CH","CH","Mio. Fr.","SIX BBS AG","tÃ¤glich","ja","https://github.com/statistikZH/covid19monitoring_economy_SIX","Saturday","Samstage","Prä-Lockdown",10,"Februar"
2020-03-08,45.2,"Wirtschaft","bezug_bargeld","Bargeldbezug CH","CH","Mio. Fr.","SIX BBS AG","tÃ¤glich","ja","https://github.com/statistikZH/covid19monitoring_economy_SIX","Sunday","Sonntage","Prä-Lockdown",10,"Februar"
2020-03-08,29.4,"Wirtschaft","stat_einkauf","StationÃ¤rer Einkauf CH","CH","Mio. Fr.","SIX BBS AG","tÃ¤glich","ja","https://github.com/statistikZH/covid19monitoring_economy_SIX","Sunday","Sonntage","Prä-Lockdown",10,"Februar"
2020-03-09,103.6,"Wirtschaft","bezug_bargeld","Bargeldbezug CH","CH","Mio. Fr.","SIX BBS AG","tÃ¤glich","ja","https://github.com/statistikZH/covid19monitoring_economy_SIX","Monday","Montage","Prä-Lockdown",11,"Februar"
2020-03-09,111.7,"Wirtschaft","stat_einkauf","StationÃ¤rer Einkauf CH","CH","Mio. Fr.","SIX BBS AG","tÃ¤glich","ja","https://github.com/statistikZH/covid19monitoring_economy_SIX","Monday","Montage","Prä-Lockdown",11,"Februar"
2020-03-10,96.2,"Wirtschaft","bezug_bargeld","Bargeldbezug CH","CH","Mio. Fr.","SIX BBS AG","tÃ¤glich","ja","https://github.com/statistikZH/covid19monitoring_economy_SIX","Tuesday","Dienstage","Prä-Lockdown",11,"Februar"
2020-03-10,94.5,"Wirtschaft","stat_einkauf","StationÃ¤rer Einkauf CH","CH","Mio. Fr.","SIX BBS AG","tÃ¤glich","ja","https://github.com/statistikZH/covid19monitoring_economy_SIX","Tuesday","Dienstage","Prä-Lockdown",11,"Februar"
2020-03-11,98.6,"Wirtschaft","bezug_bargeld","Bargeldbezug CH","CH","Mio. Fr.","SIX BBS AG","tÃ¤glich","ja","https://github.com/statistikZH/covid19monitoring_economy_SIX","Wednesday","Mittwoche","Prä-Lockdown",11,"Februar"
2020-03-11,99.9,"Wirtschaft","stat_einkauf","StationÃ¤rer Einkauf CH","CH","Mio. Fr.","SIX BBS AG","tÃ¤glich","ja","https://github.com/statistikZH/covid19monitoring_economy_SIX","Wednesday","Mittwoche","Prä-Lockdown",11,"Februar"
2020-03-12,101.8,"Wirtschaft","bezug_bargeld","Bargeldbezug CH","CH","Mio. Fr.","SIX BBS AG","tÃ¤glich","ja","https://github.com/statistikZH/covid19monitoring_economy_SIX","Thursday","Donnerstage","Übergangsphase (12.-16. März)",11,NA
2020-03-12,111.7,"Wirtschaft","stat_einkauf","StationÃ¤rer Einkauf CH","CH","Mio. Fr.","SIX BBS AG","tÃ¤glich","ja","https://github.com/statistikZH/covid19monitoring_economy_SIX","Thursday","Donnerstage","Übergangsphase (12.-16. März)",11,NA
2020-03-13,131.1,"Wirtschaft","bezug_bargeld","Bargeldbezug CH","CH","Mio. Fr.","SIX BBS AG","tÃ¤glich","ja","https://github.com/statistikZH/covid19monitoring_economy_SIX","Friday","Freitage","Übergangsphase (12.-16. März)",11,NA
2020-03-13,171,"Wirtschaft","stat_einkauf","StationÃ¤rer Einkauf CH","CH","Mio. Fr.","SIX BBS AG","tÃ¤glich","ja","https://github.com/statistikZH/covid19monitoring_economy_SIX","Friday","Freitage","Übergangsphase (12.-16. März)",11,NA
2020-03-14,97.3,"Wirtschaft","bezug_bargeld","Bargeldbezug CH","CH","Mio. Fr.","SIX BBS AG","tÃ¤glich","ja","https://github.com/statistikZH/covid19monitoring_economy_SIX","Saturday","Samstage","Übergangsphase (12.-16. März)",11,NA
2020-03-14,170.9,"Wirtschaft","stat_einkauf","StationÃ¤rer Einkauf CH","CH","Mio. Fr.","SIX BBS AG","tÃ¤glich","ja","https://github.com/statistikZH/covid19monitoring_economy_SIX","Saturday","Samstage","Übergangsphase (12.-16. März)",11,NA
2020-03-15,38.8,"Wirtschaft","bezug_bargeld","Bargeldbezug CH","CH","Mio. Fr.","SIX BBS AG","tÃ¤glich","ja","https://github.com/statistikZH/covid19monitoring_economy_SIX","Sunday","Sonntage","Übergangsphase (12.-16. März)",11,NA
2020-03-15,20.5,"Wirtschaft","stat_einkauf","StationÃ¤rer Einkauf CH","CH","Mio. Fr.","SIX BBS AG","tÃ¤glich","ja","https://github.com/statistikZH/covid19monitoring_economy_SIX","Sunday","Sonntage","Übergangsphase (12.-16. März)",11,NA
2020-03-16,117.6,"Wirtschaft","bezug_bargeld","Bargeldbezug CH","CH","Mio. Fr.","SIX BBS AG","tÃ¤glich","ja","https://github.com/statistikZH/covid19monitoring_economy_SIX","Monday","Montage","Übergangsphase (12.-16. März)",12,NA
2020-03-16,160.8,"Wirtschaft","stat_einkauf","StationÃ¤rer Einkauf CH","CH","Mio. Fr.","SIX BBS AG","tÃ¤glich","ja","https://github.com/statistikZH/covid19monitoring_economy_SIX","Monday","Montage","Übergangsphase (12.-16. März)",12,NA
2020-03-17,68.5,"Wirtschaft","bezug_bargeld","Bargeldbezug CH","CH","Mio. Fr.","SIX BBS AG","tÃ¤glich","ja","https://github.com/statistikZH/covid19monitoring_economy_SIX","Tuesday","Dienstage","Lockdown",12,NA
2020-03-17,78,"Wirtschaft","stat_einkauf","StationÃ¤rer Einkauf CH","CH","Mio. Fr.","SIX BBS AG","tÃ¤glich","ja","https://github.com/statistikZH/covid19monitoring_economy_SIX","Tuesday","Dienstage","Lockdown",12,NA
2020-03-18,61.2,"Wirtschaft","bezug_bargeld","Bargeldbezug CH","CH","Mio. Fr.","SIX BBS AG","tÃ¤glich","ja","https://github.com/statistikZH/covid19monitoring_economy_SIX","Wednesday","Mittwoche","Lockdown",12,NA
2020-03-18,71.8,"Wirtschaft","stat_einkauf","StationÃ¤rer Einkauf CH","CH","Mio. Fr.","SIX BBS AG","tÃ¤glich","ja","https://github.com/statistikZH/covid19monitoring_economy_SIX","Wednesday","Mittwoche","Lockdown",12,NA
2020-03-19,61.4,"Wirtschaft","bezug_bargeld","Bargeldbezug CH","CH","Mio. Fr.","SIX BBS AG","tÃ¤glich","ja","https://github.com/statistikZH/covid19monitoring_economy_SIX","Thursday","Donnerstage","Lockdown",12,NA
2020-03-19,75,"Wirtschaft","stat_einkauf","StationÃ¤rer Einkauf CH","CH","Mio. Fr.","SIX BBS AG","tÃ¤glich","ja","https://github.com/statistikZH/covid19monitoring_economy_SIX","Thursday","Donnerstage","Lockdown",12,NA
2020-03-20,80.2,"Wirtschaft","bezug_bargeld","Bargeldbezug CH","CH","Mio. Fr.","SIX BBS AG","tÃ¤glich","ja","https://github.com/statistikZH/covid19monitoring_economy_SIX","Friday","Freitage","Lockdown",12,NA
2020-03-20,103.4,"Wirtschaft","stat_einkauf","StationÃ¤rer Einkauf CH","CH","Mio. Fr.","SIX BBS AG","tÃ¤glich","ja","https://github.com/statistikZH/covid19monitoring_economy_SIX","Friday","Freitage","Lockdown",12,NA
2020-03-21,42.2,"Wirtschaft","bezug_bargeld","Bargeldbezug CH","CH","Mio. Fr.","SIX BBS AG","tÃ¤glich","ja","https://github.com/statistikZH/covid19monitoring_economy_SIX","Saturday","Samstage","Lockdown",12,NA
2020-03-21,75.9,"Wirtschaft","stat_einkauf","StationÃ¤rer Einkauf CH","CH","Mio. Fr.","SIX BBS AG","tÃ¤glich","ja","https://github.com/statistikZH/covid19monitoring_economy_SIX","Saturday","Samstage","Lockdown",12,NA
2020-03-22,18.9,"Wirtschaft","bezug_bargeld","Bargeldbezug CH","CH","Mio. Fr.","SIX BBS AG","tÃ¤glich","ja","https://github.com/statistikZH/covid19monitoring_economy_SIX","Sunday","Sonntage","Lockdown",12,NA
2020-03-22,8.9,"Wirtschaft","stat_einkauf","StationÃ¤rer Einkauf CH","CH","Mio. Fr.","SIX BBS AG","tÃ¤glich","ja","https://github.com/statistikZH/covid19monitoring_economy_SIX","Sunday","Sonntage","Lockdown",12,NA
2020-03-23,56.1,"Wirtschaft","bezug_bargeld","Bargeldbezug CH","CH","Mio. Fr.","SIX BBS AG","tÃ¤glich","ja","https://github.com/statistikZH/covid19monitoring_economy_SIX","Monday","Montage","Lockdown",13,NA
2020-03-23,63.8,"Wirtschaft","stat_einkauf","StationÃ¤rer Einkauf CH","CH","Mio. Fr.","SIX BBS AG","tÃ¤glich","ja","https://github.com/statistikZH/covid19monitoring_economy_SIX","Monday","Montage","Lockdown",13,NA
2020-03-24,63.9,"Wirtschaft","bezug_bargeld","Bargeldbezug CH","CH","Mio. Fr.","SIX BBS AG","tÃ¤glich","ja","https://github.com/statistikZH/covid19monitoring_economy_SIX","Tuesday","Dienstage","Lockdown",13,NA
2020-03-24,61.2,"Wirtschaft","stat_einkauf","StationÃ¤rer Einkauf CH","CH","Mio. Fr.","SIX BBS AG","tÃ¤glich","ja","https://github.com/statistikZH/covid19monitoring_economy_SIX","Tuesday","Dienstage","Lockdown",13,NA
2020-03-25,152.2,"Wirtschaft","bezug_bargeld","Bargeldbezug CH","CH","Mio. Fr.","SIX BBS AG","tÃ¤glich","ja","https://github.com/statistikZH/covid19monitoring_economy_SIX","Wednesday","Mittwoche","Lockdown",13,NA
2020-03-25,69.8,"Wirtschaft","stat_einkauf","StationÃ¤rer Einkauf CH","CH","Mio. Fr.","SIX BBS AG","tÃ¤glich","ja","https://github.com/statistikZH/covid19monitoring_economy_SIX","Wednesday","Mittwoche","Lockdown",13,NA
2020-03-26,124.5,"Wirtschaft","bezug_bargeld","Bargeldbezug CH","CH","Mio. Fr.","SIX BBS AG","tÃ¤glich","ja","https://github.com/statistikZH/covid19monitoring_economy_SIX","Thursday","Donnerstage","Lockdown",13,NA
2020-03-26,74.3,"Wirtschaft","stat_einkauf","StationÃ¤rer Einkauf CH","CH","Mio. Fr.","SIX BBS AG","tÃ¤glich","ja","https://github.com/statistikZH/covid19monitoring_economy_SIX","Thursday","Donnerstage","Lockdown",13,NA
2020-03-27,134.3,"Wirtschaft","bezug_bargeld","Bargeldbezug CH","CH","Mio. Fr.","SIX BBS AG","tÃ¤glich","ja","https://github.com/statistikZH/covid19monitoring_economy_SIX","Friday","Freitage","Lockdown",13,NA
2020-03-27,97.1,"Wirtschaft","stat_einkauf","StationÃ¤rer Einkauf CH","CH","Mio. Fr.","SIX BBS AG","tÃ¤glich","ja","https://github.com/statistikZH/covid19monitoring_economy_SIX","Friday","Freitage","Lockdown",13,NA
2020-03-28,78.7,"Wirtschaft","bezug_bargeld","Bargeldbezug CH","CH","Mio. Fr.","SIX BBS AG","tÃ¤glich","ja","https://github.com/statistikZH/covid19monitoring_economy_SIX","Saturday","Samstage","Lockdown",13,NA
2020-03-28,91.7,"Wirtschaft","stat_einkauf","StationÃ¤rer Einkauf CH","CH","Mio. Fr.","SIX BBS AG","tÃ¤glich","ja","https://github.com/statistikZH/covid19monitoring_economy_SIX","Saturday","Samstage","Lockdown",13,NA
2020-03-29,29.9,"Wirtschaft","bezug_bargeld","Bargeldbezug CH","CH","Mio. Fr.","SIX BBS AG","tÃ¤glich","ja","https://github.com/statistikZH/covid19monitoring_economy_SIX","Sunday","Sonntage","Lockdown",13,NA
2020-03-29,10,"Wirtschaft","stat_einkauf","StationÃ¤rer Einkauf CH","CH","Mio. Fr.","SIX BBS AG","tÃ¤glich","ja","https://github.com/statistikZH/covid19monitoring_economy_SIX","Sunday","Sonntage","Lockdown",13,NA
2020-03-30,111.1,"Wirtschaft","bezug_bargeld","Bargeldbezug CH","CH","Mio. Fr.","SIX BBS AG","tÃ¤glich","ja","https://github.com/statistikZH/covid19monitoring_economy_SIX","Monday","Montage","Lockdown",14,NA
2020-03-30,71.3,"Wirtschaft","stat_einkauf","StationÃ¤rer Einkauf CH","CH","Mio. Fr.","SIX BBS AG","tÃ¤glich","ja","https://github.com/statistikZH/covid19monitoring_economy_SIX","Monday","Montage","Lockdown",14,NA
2020-03-31,107.3,"Wirtschaft","bezug_bargeld","Bargeldbezug CH","CH","Mio. Fr.","SIX BBS AG","tÃ¤glich","ja","https://github.com/statistikZH/covid19monitoring_economy_SIX","Tuesday","Dienstage","Lockdown",14,NA
2020-03-31,71.6,"Wirtschaft","stat_einkauf","StationÃ¤rer Einkauf CH","CH","Mio. Fr.","SIX BBS AG","tÃ¤glich","ja","https://github.com/statistikZH/covid19monitoring_economy_SIX","Tuesday","Dienstage","Lockdown",14,NA
2020-04-01,108.3,"Wirtschaft","bezug_bargeld","Bargeldbezug CH","CH","Mio. Fr.","SIX BBS AG","tÃ¤glich","ja","https://github.com/statistikZH/covid19monitoring_economy_SIX","Wednesday","Mittwoche","Lockdown",14,NA
2020-04-01,73,"Wirtschaft","stat_einkauf","StationÃ¤rer Einkauf CH","CH","Mio. Fr.","SIX BBS AG","tÃ¤glich","ja","https://github.com/statistikZH/covid19monitoring_economy_SIX","Wednesday","Mittwoche","Lockdown",14,NA
2020-04-02,96.6,"Wirtschaft","bezug_bargeld","Bargeldbezug CH","CH","Mio. Fr.","SIX BBS AG","tÃ¤glich","ja","https://github.com/statistikZH/covid19monitoring_economy_SIX","Thursday","Donnerstage","Lockdown",14,NA
2020-04-02,77.9,"Wirtschaft","stat_einkauf","StationÃ¤rer Einkauf CH","CH","Mio. Fr.","SIX BBS AG","tÃ¤glich","ja","https://github.com/statistikZH/covid19monitoring_economy_SIX","Thursday","Donnerstage","Lockdown",14,NA
2020-04-03,104.7,"Wirtschaft","bezug_bargeld","Bargeldbezug CH","CH","Mio. Fr.","SIX BBS AG","tÃ¤glich","ja","https://github.com/statistikZH/covid19monitoring_economy_SIX","Friday","Freitage","Lockdown",14,NA
2020-04-03,104.9,"Wirtschaft","stat_einkauf","StationÃ¤rer Einkauf CH","CH","Mio. Fr.","SIX BBS AG","tÃ¤glich","ja","https://github.com/statistikZH/covid19monitoring_economy_SIX","Friday","Freitage","Lockdown",14,NA
2020-04-04,61.7,"Wirtschaft","bezug_bargeld","Bargeldbezug CH","CH","Mio. Fr.","SIX BBS AG","tÃ¤glich","ja","https://github.com/statistikZH/covid19monitoring_economy_SIX","Saturday","Samstage","Lockdown",14,NA
2020-04-04,99.9,"Wirtschaft","stat_einkauf","StationÃ¤rer Einkauf CH","CH","Mio. Fr.","SIX BBS AG","tÃ¤glich","ja","https://github.com/statistikZH/covid19monitoring_economy_SIX","Saturday","Samstage","Lockdown",14,NA
2020-04-05,24.5,"Wirtschaft","bezug_bargeld","Bargeldbezug CH","CH","Mio. Fr.","SIX BBS AG","tÃ¤glich","ja","https://github.com/statistikZH/covid19monitoring_economy_SIX","Sunday","Sonntage","Lockdown",14,NA
2020-04-05,12.6,"Wirtschaft","stat_einkauf","StationÃ¤rer Einkauf CH","CH","Mio. Fr.","SIX BBS AG","tÃ¤glich","ja","https://github.com/statistikZH/covid19monitoring_economy_SIX","Sunday","Sonntage","Lockdown",14,NA
2020-04-06,96.3,"Wirtschaft","bezug_bargeld","Bargeldbezug CH","CH","Mio. Fr.","SIX BBS AG","tÃ¤glich","ja","https://github.com/statistikZH/covid19monitoring_economy_SIX","Monday","Montage","Tage vor Ostern",15,NA
2020-04-06,81.4,"Wirtschaft","stat_einkauf","StationÃ¤rer Einkauf CH","CH","Mio. Fr.","SIX BBS AG","tÃ¤glich","ja","https://github.com/statistikZH/covid19monitoring_economy_SIX","Monday","Montage","Tage vor Ostern",15,NA
2020-04-07,85.9,"Wirtschaft","bezug_bargeld","Bargeldbezug CH","CH","Mio. Fr.","SIX BBS AG","tÃ¤glich","ja","https://github.com/statistikZH/covid19monitoring_economy_SIX","Tuesday","Dienstage","Tage vor Ostern",15,NA
2020-04-07,89,"Wirtschaft","stat_einkauf","StationÃ¤rer Einkauf CH","CH","Mio. Fr.","SIX BBS AG","tÃ¤glich","ja","https://github.com/statistikZH/covid19monitoring_economy_SIX","Tuesday","Dienstage","Tage vor Ostern",15,NA
2020-04-08,77.2,"Wirtschaft","bezug_bargeld","Bargeldbezug CH","CH","Mio. Fr.","SIX BBS AG","tÃ¤glich","ja","https://github.com/statistikZH/covid19monitoring_economy_SIX","Wednesday","Mittwoche","Tage vor Ostern",15,NA
2020-04-08,110.8,"Wirtschaft","stat_einkauf","StationÃ¤rer Einkauf CH","CH","Mio. Fr.","SIX BBS AG","tÃ¤glich","ja","https://github.com/statistikZH/covid19monitoring_economy_SIX","Wednesday","Mittwoche","Tage vor Ostern",15,NA
2020-04-09,76.2,"Wirtschaft","bezug_bargeld","Bargeldbezug CH","CH","Mio. Fr.","SIX BBS AG","tÃ¤glich","ja","https://github.com/statistikZH/covid19monitoring_economy_SIX","Thursday","Donnerstage","Tage vor Ostern",15,NA
2020-04-09,125.4,"Wirtschaft","stat_einkauf","StationÃ¤rer Einkauf CH","CH","Mio. Fr.","SIX BBS AG","tÃ¤glich","ja","https://github.com/statistikZH/covid19monitoring_economy_SIX","Thursday","Donnerstage","Tage vor Ostern",15,NA
2020-04-10,27.8,"Wirtschaft","bezug_bargeld","Bargeldbezug CH","CH","Mio. Fr.","SIX BBS AG","tÃ¤glich","ja","https://github.com/statistikZH/covid19monitoring_economy_SIX","Friday","Freitage","Feier- und Festtage",15,NA
2020-04-10,32.1,"Wirtschaft","stat_einkauf","StationÃ¤rer Einkauf CH","CH","Mio. Fr.","SIX BBS AG","tÃ¤glich","ja","https://github.com/statistikZH/covid19monitoring_economy_SIX","Friday","Freitage","Feier- und Festtage",15,NA
2020-04-11,48.2,"Wirtschaft","bezug_bargeld","Bargeldbezug CH","CH","Mio. Fr.","SIX BBS AG","tÃ¤glich","ja","https://github.com/statistikZH/covid19monitoring_economy_SIX","Saturday","Samstage","Tage vor Ostern",15,NA
2020-04-11,109,"Wirtschaft","stat_einkauf","StationÃ¤rer Einkauf CH","CH","Mio. Fr.","SIX BBS AG","tÃ¤glich","ja","https://github.com/statistikZH/covid19monitoring_economy_SIX","Saturday","Samstage","Tage vor Ostern",15,NA
2020-04-12,14.6,"Wirtschaft","bezug_bargeld","Bargeldbezug CH","CH","Mio. Fr.","SIX BBS AG","tÃ¤glich","ja","https://github.com/statistikZH/covid19monitoring_economy_SIX","Sunday","Sonntage","Lockdown",15,NA
2020-04-12,12.2,"Wirtschaft","stat_einkauf","StationÃ¤rer Einkauf CH","CH","Mio. Fr.","SIX BBS AG","tÃ¤glich","ja","https://github.com/statistikZH/covid19monitoring_economy_SIX","Sunday","Sonntage","Lockdown",15,NA
2020-04-13,21,"Wirtschaft","bezug_bargeld","Bargeldbezug CH","CH","Mio. Fr.","SIX BBS AG","tÃ¤glich","ja","https://github.com/statistikZH/covid19monitoring_economy_SIX","Monday","Montage","Feier- und Festtage",16,NA
2020-04-13,25.6,"Wirtschaft","stat_einkauf","StationÃ¤rer Einkauf CH","CH","Mio. Fr.","SIX BBS AG","tÃ¤glich","ja","https://github.com/statistikZH/covid19monitoring_economy_SIX","Monday","Montage","Feier- und Festtage",16,NA
2020-04-14,65.6,"Wirtschaft","bezug_bargeld","Bargeldbezug CH","CH","Mio. Fr.","SIX BBS AG","tÃ¤glich","ja","https://github.com/statistikZH/covid19monitoring_economy_SIX","Tuesday","Dienstage","Lockdown",16,NA
2020-04-14,78.4,"Wirtschaft","stat_einkauf","StationÃ¤rer Einkauf CH","CH","Mio. Fr.","SIX BBS AG","tÃ¤glich","ja","https://github.com/statistikZH/covid19monitoring_economy_SIX","Tuesday","Dienstage","Lockdown",16,NA
2020-04-15,59.4,"Wirtschaft","bezug_bargeld","Bargeldbezug CH","CH","Mio. Fr.","SIX BBS AG","tÃ¤glich","ja","https://github.com/statistikZH/covid19monitoring_economy_SIX","Wednesday","Mittwoche","Lockdown",16,NA
2020-04-15,79.2,"Wirtschaft","stat_einkauf","StationÃ¤rer Einkauf CH","CH","Mio. Fr.","SIX BBS AG","tÃ¤glich","ja","https://github.com/statistikZH/covid19monitoring_economy_SIX","Wednesday","Mittwoche","Lockdown",16,NA
2020-04-16,56.9,"Wirtschaft","bezug_bargeld","Bargeldbezug CH","CH","Mio. Fr.","SIX BBS AG","tÃ¤glich","ja","https://github.com/statistikZH/covid19monitoring_economy_SIX","Thursday","Donnerstage","Lockdown",16,NA
2020-04-16,78.5,"Wirtschaft","stat_einkauf","StationÃ¤rer Einkauf CH","CH","Mio. Fr.","SIX BBS AG","tÃ¤glich","ja","https://github.com/statistikZH/covid19monitoring_economy_SIX","Thursday","Donnerstage","Lockdown",16,NA
2020-04-17,62.3,"Wirtschaft","bezug_bargeld","Bargeldbezug CH","CH","Mio. Fr.","SIX BBS AG","tÃ¤glich","ja","https://github.com/statistikZH/covid19monitoring_economy_SIX","Friday","Freitage","Lockdown",16,NA
2020-04-17,98.9,"Wirtschaft","stat_einkauf","StationÃ¤rer Einkauf CH","CH","Mio. Fr.","SIX BBS AG","tÃ¤glich","ja","https://github.com/statistikZH/covid19monitoring_economy_SIX","Friday","Freitage","Lockdown",16,NA
2020-04-18,45.6,"Wirtschaft","bezug_bargeld","Bargeldbezug CH","CH","Mio. Fr.","SIX BBS AG","tÃ¤glich","ja","https://github.com/statistikZH/covid19monitoring_economy_SIX","Saturday","Samstage","Lockdown",16,NA
2020-04-18,99.3,"Wirtschaft","stat_einkauf","StationÃ¤rer Einkauf CH","CH","Mio. Fr.","SIX BBS AG","tÃ¤glich","ja","https://github.com/statistikZH/covid19monitoring_economy_SIX","Saturday","Samstage","Lockdown",16,NA
2020-04-19,19,"Wirtschaft","bezug_bargeld","Bargeldbezug CH","CH","Mio. Fr.","SIX BBS AG","tÃ¤glich","ja","https://github.com/statistikZH/covid19monitoring_economy_SIX","Sunday","Sonntage","Lockdown",16,NA
2020-04-19,12.3,"Wirtschaft","stat_einkauf","StationÃ¤rer Einkauf CH","CH","Mio. Fr.","SIX BBS AG","tÃ¤glich","ja","https://github.com/statistikZH/covid19monitoring_economy_SIX","Sunday","Sonntage","Lockdown",16,NA
2020-04-20,59.1,"Wirtschaft","bezug_bargeld","Bargeldbezug CH","CH","Mio. Fr.","SIX BBS AG","tÃ¤glich","ja","https://github.com/statistikZH/covid19monitoring_economy_SIX","Monday","Montage","Lockdown",17,NA
2020-04-20,70.3,"Wirtschaft","stat_einkauf","StationÃ¤rer Einkauf CH","CH","Mio. Fr.","SIX BBS AG","tÃ¤glich","ja","https://github.com/statistikZH/covid19monitoring_economy_SIX","Monday","Montage","Lockdown",17,NA
2020-04-21,58.6,"Wirtschaft","bezug_bargeld","Bargeldbezug CH","CH","Mio. Fr.","SIX BBS AG","tÃ¤glich","ja","https://github.com/statistikZH/covid19monitoring_economy_SIX","Tuesday","Dienstage","Lockdown",17,NA
2020-04-21,70.9,"Wirtschaft","stat_einkauf","StationÃ¤rer Einkauf CH","CH","Mio. Fr.","SIX BBS AG","tÃ¤glich","ja","https://github.com/statistikZH/covid19monitoring_economy_SIX","Tuesday","Dienstage","Lockdown",17,NA
2020-04-22,59.7,"Wirtschaft","bezug_bargeld","Bargeldbezug CH","CH","Mio. Fr.","SIX BBS AG","tÃ¤glich","ja","https://github.com/statistikZH/covid19monitoring_economy_SIX","Wednesday","Mittwoche","Lockdown",17,NA
2020-04-22,72.1,"Wirtschaft","stat_einkauf","StationÃ¤rer Einkauf CH","CH","Mio. Fr.","SIX BBS AG","tÃ¤glich","ja","https://github.com/statistikZH/covid19monitoring_economy_SIX","Wednesday","Mittwoche","Lockdown",17,NA
2020-04-23,65.7,"Wirtschaft","bezug_bargeld","Bargeldbezug CH","CH","Mio. Fr.","SIX BBS AG","tÃ¤glich","ja","https://github.com/statistikZH/covid19monitoring_economy_SIX","Thursday","Donnerstage","Lockdown",17,NA
2020-04-23,78.6,"Wirtschaft","stat_einkauf","StationÃ¤rer Einkauf CH","CH","Mio. Fr.","SIX BBS AG","tÃ¤glich","ja","https://github.com/statistikZH/covid19monitoring_economy_SIX","Thursday","Donnerstage","Lockdown",17,NA
2020-04-24,160.5,"Wirtschaft","bezug_bargeld","Bargeldbezug CH","CH","Mio. Fr.","SIX BBS AG","tÃ¤glich","ja","https://github.com/statistikZH/covid19monitoring_economy_SIX","Friday","Freitage","Lockdown",17,NA
2020-04-24,115.2,"Wirtschaft","stat_einkauf","StationÃ¤rer Einkauf CH","CH","Mio. Fr.","SIX BBS AG","tÃ¤glich","ja","https://github.com/statistikZH/covid19monitoring_economy_SIX","Friday","Freitage","Lockdown",17,NA
2020-04-25,95,"Wirtschaft","bezug_bargeld","Bargeldbezug CH","CH","Mio. Fr.","SIX BBS AG","tÃ¤glich","ja","https://github.com/statistikZH/covid19monitoring_economy_SIX","Saturday","Samstage","Lockdown",17,NA
2020-04-25,113.9,"Wirtschaft","stat_einkauf","StationÃ¤rer Einkauf CH","CH","Mio. Fr.","SIX BBS AG","tÃ¤glich","ja","https://github.com/statistikZH/covid19monitoring_economy_SIX","Saturday","Samstage","Lockdown",17,NA
2020-04-26,40.5,"Wirtschaft","bezug_bargeld","Bargeldbezug CH","CH","Mio. Fr.","SIX BBS AG","tÃ¤glich","ja","https://github.com/statistikZH/covid19monitoring_economy_SIX","Sunday","Sonntage","Lockdown",17,NA
2020-04-26,13.9,"Wirtschaft","stat_einkauf","StationÃ¤rer Einkauf CH","CH","Mio. Fr.","SIX BBS AG","tÃ¤glich","ja","https://github.com/statistikZH/covid19monitoring_economy_SIX","Sunday","Sonntage","Lockdown",17,NA
2020-04-27,161.2,"Wirtschaft","bezug_bargeld","Bargeldbezug CH","CH","Mio. Fr.","SIX BBS AG","tÃ¤glich","ja","https://github.com/statistikZH/covid19monitoring_economy_SIX","Monday","Montage","Erste Lockdown-Lockerung",18,NA
2020-04-27,105.7,"Wirtschaft","stat_einkauf","StationÃ¤rer Einkauf CH","CH","Mio. Fr.","SIX BBS AG","tÃ¤glich","ja","https://github.com/statistikZH/covid19monitoring_economy_SIX","Monday","Montage","Erste Lockdown-Lockerung",18,NA
2020-04-28,133.4,"Wirtschaft","bezug_bargeld","Bargeldbezug CH","CH","Mio. Fr.","SIX BBS AG","tÃ¤glich","ja","https://github.com/statistikZH/covid19monitoring_economy_SIX","Tuesday","Dienstage","Erste Lockdown-Lockerung",18,NA
2020-04-28,103.8,"Wirtschaft","stat_einkauf","StationÃ¤rer Einkauf CH","CH","Mio. Fr.","SIX BBS AG","tÃ¤glich","ja","https://github.com/statistikZH/covid19monitoring_economy_SIX","Tuesday","Dienstage","Erste Lockdown-Lockerung",18,NA
2020-04-29,129.3,"Wirtschaft","bezug_bargeld","Bargeldbezug CH","CH","Mio. Fr.","SIX BBS AG","tÃ¤glich","ja","https://github.com/statistikZH/covid19monitoring_economy_SIX","Wednesday","Mittwoche","Erste Lockdown-Lockerung",18,NA
2020-04-29,106.3,"Wirtschaft","stat_einkauf","StationÃ¤rer Einkauf CH","CH","Mio. Fr.","SIX BBS AG","tÃ¤glich","ja","https://github.com/statistikZH/covid19monitoring_economy_SIX","Wednesday","Mittwoche","Erste Lockdown-Lockerung",18,NA
2020-04-30,127.2,"Wirtschaft","bezug_bargeld","Bargeldbezug CH","CH","Mio. Fr.","SIX BBS AG","tÃ¤glich","ja","https://github.com/statistikZH/covid19monitoring_economy_SIX","Thursday","Donnerstage","Erste Lockdown-Lockerung",18,NA
2020-04-30,118.6,"Wirtschaft","stat_einkauf","StationÃ¤rer Einkauf CH","CH","Mio. Fr.","SIX BBS AG","tÃ¤glich","ja","https://github.com/statistikZH/covid19monitoring_economy_SIX","Thursday","Donnerstage","Erste Lockdown-Lockerung",18,NA
2020-05-01,99.2,"Wirtschaft","bezug_bargeld","Bargeldbezug CH","CH","Mio. Fr.","SIX BBS AG","tÃ¤glich","ja","https://github.com/statistikZH/covid19monitoring_economy_SIX","Friday","Freitage","Feier- und Festtage",18,NA
2020-05-01,101.6,"Wirtschaft","stat_einkauf","StationÃ¤rer Einkauf CH","CH","Mio. Fr.","SIX BBS AG","tÃ¤glich","ja","https://github.com/statistikZH/covid19monitoring_economy_SIX","Friday","Freitage","Feier- und Festtage",18,NA
2020-05-02,89.5,"Wirtschaft","bezug_bargeld","Bargeldbezug CH","CH","Mio. Fr.","SIX BBS AG","tÃ¤glich","ja","https://github.com/statistikZH/covid19monitoring_economy_SIX","Saturday","Samstage","Erste Lockdown-Lockerung",18,NA
2020-05-02,137.9,"Wirtschaft","stat_einkauf","StationÃ¤rer Einkauf CH","CH","Mio. Fr.","SIX BBS AG","tÃ¤glich","ja","https://github.com/statistikZH/covid19monitoring_economy_SIX","Saturday","Samstage","Erste Lockdown-Lockerung",18,NA
2020-05-03,32.8,"Wirtschaft","bezug_bargeld","Bargeldbezug CH","CH","Mio. Fr.","SIX BBS AG","tÃ¤glich","ja","https://github.com/statistikZH/covid19monitoring_economy_SIX","Sunday","Sonntage","Erste Lockdown-Lockerung",18,NA
2020-05-03,14.6,"Wirtschaft","stat_einkauf","StationÃ¤rer Einkauf CH","CH","Mio. Fr.","SIX BBS AG","tÃ¤glich","ja","https://github.com/statistikZH/covid19monitoring_economy_SIX","Sunday","Sonntage","Erste Lockdown-Lockerung",18,NA
2020-05-04,133.1,"Wirtschaft","bezug_bargeld","Bargeldbezug CH","CH","Mio. Fr.","SIX BBS AG","tÃ¤glich","ja","https://github.com/statistikZH/covid19monitoring_economy_SIX","Monday","Montage","Erste Lockdown-Lockerung",19,NA
2020-05-04,101.7,"Wirtschaft","stat_einkauf","StationÃ¤rer Einkauf CH","CH","Mio. Fr.","SIX BBS AG","tÃ¤glich","ja","https://github.com/statistikZH/covid19monitoring_economy_SIX","Monday","Montage","Erste Lockdown-Lockerung",19,NA
2020-05-05,111.9,"Wirtschaft","bezug_bargeld","Bargeldbezug CH","CH","Mio. Fr.","SIX BBS AG","tÃ¤glich","ja","https://github.com/statistikZH/covid19monitoring_economy_SIX","Tuesday","Dienstage","Erste Lockdown-Lockerung",19,NA
2020-05-05,97.7,"Wirtschaft","stat_einkauf","StationÃ¤rer Einkauf CH","CH","Mio. Fr.","SIX BBS AG","tÃ¤glich","ja","https://github.com/statistikZH/covid19monitoring_economy_SIX","Tuesday","Dienstage","Erste Lockdown-Lockerung",19,NA
2020-05-06,111.8,"Wirtschaft","bezug_bargeld","Bargeldbezug CH","CH","Mio. Fr.","SIX BBS AG","tÃ¤glich","ja","https://github.com/statistikZH/covid19monitoring_economy_SIX","Wednesday","Mittwoche","Erste Lockdown-Lockerung",19,NA
2020-05-06,98.2,"Wirtschaft","stat_einkauf","StationÃ¤rer Einkauf CH","CH","Mio. Fr.","SIX BBS AG","tÃ¤glich","ja","https://github.com/statistikZH/covid19monitoring_economy_SIX","Wednesday","Mittwoche","Erste Lockdown-Lockerung",19,NA
2020-05-07,102.1,"Wirtschaft","bezug_bargeld","Bargeldbezug CH","CH","Mio. Fr.","SIX BBS AG","tÃ¤glich","ja","https://github.com/statistikZH/covid19monitoring_economy_SIX","Thursday","Donnerstage","Erste Lockdown-Lockerung",19,NA
2020-05-07,104,"Wirtschaft","stat_einkauf","StationÃ¤rer Einkauf CH","CH","Mio. Fr.","SIX BBS AG","tÃ¤glich","ja","https://github.com/statistikZH/covid19monitoring_economy_SIX","Thursday","Donnerstage","Erste Lockdown-Lockerung",19,NA
2020-05-08,104,"Wirtschaft","bezug_bargeld","Bargeldbezug CH","CH","Mio. Fr.","SIX BBS AG","tÃ¤glich","ja","https://github.com/statistikZH/covid19monitoring_economy_SIX","Friday","Freitage","Erste Lockdown-Lockerung",19,NA
2020-05-08,136.6,"Wirtschaft","stat_einkauf","StationÃ¤rer Einkauf CH","CH","Mio. Fr.","SIX BBS AG","tÃ¤glich","ja","https://github.com/statistikZH/covid19monitoring_economy_SIX","Friday","Freitage","Erste Lockdown-Lockerung",19,NA
2020-05-09,70.4,"Wirtschaft","bezug_bargeld","Bargeldbezug CH","CH","Mio. Fr.","SIX BBS AG","tÃ¤glich","ja","https://github.com/statistikZH/covid19monitoring_economy_SIX","Saturday","Samstage","Erste Lockdown-Lockerung",19,NA
2020-05-09,151.2,"Wirtschaft","stat_einkauf","StationÃ¤rer Einkauf CH","CH","Mio. Fr.","SIX BBS AG","tÃ¤glich","ja","https://github.com/statistikZH/covid19monitoring_economy_SIX","Saturday","Samstage","Erste Lockdown-Lockerung",19,NA
2020-05-10,27.6,"Wirtschaft","bezug_bargeld","Bargeldbezug CH","CH","Mio. Fr.","SIX BBS AG","tÃ¤glich","ja","https://github.com/statistikZH/covid19monitoring_economy_SIX","Sunday","Sonntage","Erste Lockdown-Lockerung",19,NA
2020-05-10,19.7,"Wirtschaft","stat_einkauf","StationÃ¤rer Einkauf CH","CH","Mio. Fr.","SIX BBS AG","tÃ¤glich","ja","https://github.com/statistikZH/covid19monitoring_economy_SIX","Sunday","Sonntage","Erste Lockdown-Lockerung",19,NA
2020-05-11,83,"Wirtschaft","bezug_bargeld","Bargeldbezug CH","CH","Mio. Fr.","SIX BBS AG","tÃ¤glich","ja","https://github.com/statistikZH/covid19monitoring_economy_SIX","Monday","Montage","Zweite Lockdown-Lockerung",20,NA
2020-05-11,134.9,"Wirtschaft","stat_einkauf","StationÃ¤rer Einkauf CH","CH","Mio. Fr.","SIX BBS AG","tÃ¤glich","ja","https://github.com/statistikZH/covid19monitoring_economy_SIX","Monday","Montage","Zweite Lockdown-Lockerung",20,NA
2020-05-12,82.6,"Wirtschaft","bezug_bargeld","Bargeldbezug CH","CH","Mio. Fr.","SIX BBS AG","tÃ¤glich","ja","https://github.com/statistikZH/covid19monitoring_economy_SIX","Tuesday","Dienstage","Zweite Lockdown-Lockerung",20,NA
2020-05-12,130.6,"Wirtschaft","stat_einkauf","StationÃ¤rer Einkauf CH","CH","Mio. Fr.","SIX BBS AG","tÃ¤glich","ja","https://github.com/statistikZH/covid19monitoring_economy_SIX","Tuesday","Dienstage","Zweite Lockdown-Lockerung",20,NA
2020-05-13,72.3,"Wirtschaft","bezug_bargeld","Bargeldbezug CH","CH","Mio. Fr.","SIX BBS AG","tÃ¤glich","ja","https://github.com/statistikZH/covid19monitoring_economy_SIX","Wednesday","Mittwoche","Zweite Lockdown-Lockerung",20,NA
2020-05-13,125,"Wirtschaft","stat_einkauf","StationÃ¤rer Einkauf CH","CH","Mio. Fr.","SIX BBS AG","tÃ¤glich","ja","https://github.com/statistikZH/covid19monitoring_economy_SIX","Wednesday","Mittwoche","Zweite Lockdown-Lockerung",20,NA
2020-05-14,78.3,"Wirtschaft","bezug_bargeld","Bargeldbezug CH","CH","Mio. Fr.","SIX BBS AG","tÃ¤glich","ja","https://github.com/statistikZH/covid19monitoring_economy_SIX","Thursday","Donnerstage","Zweite Lockdown-Lockerung",20,NA
2020-05-14,131.9,"Wirtschaft","stat_einkauf","StationÃ¤rer Einkauf CH","CH","Mio. Fr.","SIX BBS AG","tÃ¤glich","ja","https://github.com/statistikZH/covid19monitoring_economy_SIX","Thursday","Donnerstage","Zweite Lockdown-Lockerung",20,NA
2020-05-15,89.8,"Wirtschaft","bezug_bargeld","Bargeldbezug CH","CH","Mio. Fr.","SIX BBS AG","tÃ¤glich","ja","https://github.com/statistikZH/covid19monitoring_economy_SIX","Friday","Freitage","Zweite Lockdown-Lockerung",20,NA
2020-05-15,164.4,"Wirtschaft","stat_einkauf","StationÃ¤rer Einkauf CH","CH","Mio. Fr.","SIX BBS AG","tÃ¤glich","ja","https://github.com/statistikZH/covid19monitoring_economy_SIX","Friday","Freitage","Zweite Lockdown-Lockerung",20,NA
2020-05-16,71.4,"Wirtschaft","bezug_bargeld","Bargeldbezug CH","CH","Mio. Fr.","SIX BBS AG","tÃ¤glich","ja","https://github.com/statistikZH/covid19monitoring_economy_SIX","Saturday","Samstage","Zweite Lockdown-Lockerung",20,NA
2020-05-16,189.6,"Wirtschaft","stat_einkauf","StationÃ¤rer Einkauf CH","CH","Mio. Fr.","SIX BBS AG","tÃ¤glich","ja","https://github.com/statistikZH/covid19monitoring_economy_SIX","Saturday","Samstage","Zweite Lockdown-Lockerung",20,NA
2020-05-17,26.4,"Wirtschaft","bezug_bargeld","Bargeldbezug CH","CH","Mio. Fr.","SIX BBS AG","tÃ¤glich","ja","https://github.com/statistikZH/covid19monitoring_economy_SIX","Sunday","Sonntage","Zweite Lockdown-Lockerung",20,NA
2020-05-17,22.2,"Wirtschaft","stat_einkauf","StationÃ¤rer Einkauf CH","CH","Mio. Fr.","SIX BBS AG","tÃ¤glich","ja","https://github.com/statistikZH/covid19monitoring_economy_SIX","Sunday","Sonntage","Zweite Lockdown-Lockerung",20,NA
2020-05-18,73.8,"Wirtschaft","bezug_bargeld","Bargeldbezug CH","CH","Mio. Fr.","SIX BBS AG","tÃ¤glich","ja","https://github.com/statistikZH/covid19monitoring_economy_SIX","Monday","Montage","Zweite Lockdown-Lockerung",21,NA
2020-05-18,134,"Wirtschaft","stat_einkauf","StationÃ¤rer Einkauf CH","CH","Mio. Fr.","SIX BBS AG","tÃ¤glich","ja","https://github.com/statistikZH/covid19monitoring_economy_SIX","Monday","Montage","Zweite Lockdown-Lockerung",21,NA
2020-05-19,78.5,"Wirtschaft","bezug_bargeld","Bargeldbezug CH","CH","Mio. Fr.","SIX BBS AG","tÃ¤glich","ja","https://github.com/statistikZH/covid19monitoring_economy_SIX","Tuesday","Dienstage","Zweite Lockdown-Lockerung",21,NA
2020-05-19,132.9,"Wirtschaft","stat_einkauf","StationÃ¤rer Einkauf CH","CH","Mio. Fr.","SIX BBS AG","tÃ¤glich","ja","https://github.com/statistikZH/covid19monitoring_economy_SIX","Tuesday","Dienstage","Zweite Lockdown-Lockerung",21,NA
