"date","value","topic","variable_short","variable_long","location","unit","source","update","public","description"
2020-01-01,21.5,"Wirtschaft","debiteinsatz_ausland","Debitkarteneinsatz Ausland","Ausland","Mio. Fr.","SIX Payment Services","täglich","ja","https://github.com/statistikZH/covid19monitoring_economy_SIX"
2020-01-02,14.2,"Wirtschaft","debiteinsatz_ausland","Debitkarteneinsatz Ausland","Ausland","Mio. Fr.","SIX Payment Services","täglich","ja","https://github.com/statistikZH/covid19monitoring_economy_SIX"
2020-01-03,28.1,"Wirtschaft","debiteinsatz_ausland","Debitkarteneinsatz Ausland","Ausland","Mio. Fr.","SIX Payment Services","täglich","ja","https://github.com/statistikZH/covid19monitoring_economy_SIX"
2020-01-04,25.5,"Wirtschaft","debiteinsatz_ausland","Debitkarteneinsatz Ausland","Ausland","Mio. Fr.","SIX Payment Services","täglich","ja","https://github.com/statistikZH/covid19monitoring_economy_SIX"
2020-01-05,3,"Wirtschaft","debiteinsatz_ausland","Debitkarteneinsatz Ausland","Ausland","Mio. Fr.","SIX Payment Services","täglich","ja","https://github.com/statistikZH/covid19monitoring_economy_SIX"
2020-01-06,27.9,"Wirtschaft","debiteinsatz_ausland","Debitkarteneinsatz Ausland","Ausland","Mio. Fr.","SIX Payment Services","täglich","ja","https://github.com/statistikZH/covid19monitoring_economy_SIX"
2020-01-07,11.8,"Wirtschaft","debiteinsatz_ausland","Debitkarteneinsatz Ausland","Ausland","Mio. Fr.","SIX Payment Services","täglich","ja","https://github.com/statistikZH/covid19monitoring_economy_SIX"
2020-01-08,14.5,"Wirtschaft","debiteinsatz_ausland","Debitkarteneinsatz Ausland","Ausland","Mio. Fr.","SIX Payment Services","täglich","ja","https://github.com/statistikZH/covid19monitoring_economy_SIX"
2020-01-09,11.7,"Wirtschaft","debiteinsatz_ausland","Debitkarteneinsatz Ausland","Ausland","Mio. Fr.","SIX Payment Services","täglich","ja","https://github.com/statistikZH/covid19monitoring_economy_SIX"
2020-01-10,12,"Wirtschaft","debiteinsatz_ausland","Debitkarteneinsatz Ausland","Ausland","Mio. Fr.","SIX Payment Services","täglich","ja","https://github.com/statistikZH/covid19monitoring_economy_SIX"
2020-01-11,13,"Wirtschaft","debiteinsatz_ausland","Debitkarteneinsatz Ausland","Ausland","Mio. Fr.","SIX Payment Services","täglich","ja","https://github.com/statistikZH/covid19monitoring_economy_SIX"
2020-01-12,2.2,"Wirtschaft","debiteinsatz_ausland","Debitkarteneinsatz Ausland","Ausland","Mio. Fr.","SIX Payment Services","täglich","ja","https://github.com/statistikZH/covid19monitoring_economy_SIX"
2020-01-13,22.6,"Wirtschaft","debiteinsatz_ausland","Debitkarteneinsatz Ausland","Ausland","Mio. Fr.","SIX Payment Services","täglich","ja","https://github.com/statistikZH/covid19monitoring_economy_SIX"
2020-01-14,13.2,"Wirtschaft","debiteinsatz_ausland","Debitkarteneinsatz Ausland","Ausland","Mio. Fr.","SIX Payment Services","täglich","ja","https://github.com/statistikZH/covid19monitoring_economy_SIX"
2020-01-15,9,"Wirtschaft","debiteinsatz_ausland","Debitkarteneinsatz Ausland","Ausland","Mio. Fr.","SIX Payment Services","täglich","ja","https://github.com/statistikZH/covid19monitoring_economy_SIX"
2020-01-16,9.3,"Wirtschaft","debiteinsatz_ausland","Debitkarteneinsatz Ausland","Ausland","Mio. Fr.","SIX Payment Services","täglich","ja","https://github.com/statistikZH/covid19monitoring_economy_SIX"
2020-01-17,9.6,"Wirtschaft","debiteinsatz_ausland","Debitkarteneinsatz Ausland","Ausland","Mio. Fr.","SIX Payment Services","täglich","ja","https://github.com/statistikZH/covid19monitoring_economy_SIX"
2020-01-18,11.3,"Wirtschaft","debiteinsatz_ausland","Debitkarteneinsatz Ausland","Ausland","Mio. Fr.","SIX Payment Services","täglich","ja","https://github.com/statistikZH/covid19monitoring_economy_SIX"
2020-01-19,1.9,"Wirtschaft","debiteinsatz_ausland","Debitkarteneinsatz Ausland","Ausland","Mio. Fr.","SIX Payment Services","täglich","ja","https://github.com/statistikZH/covid19monitoring_economy_SIX"
2020-01-20,21.5,"Wirtschaft","debiteinsatz_ausland","Debitkarteneinsatz Ausland","Ausland","Mio. Fr.","SIX Payment Services","täglich","ja","https://github.com/statistikZH/covid19monitoring_economy_SIX"
2020-01-21,11.6,"Wirtschaft","debiteinsatz_ausland","Debitkarteneinsatz Ausland","Ausland","Mio. Fr.","SIX Payment Services","täglich","ja","https://github.com/statistikZH/covid19monitoring_economy_SIX"
2020-01-22,8.9,"Wirtschaft","debiteinsatz_ausland","Debitkarteneinsatz Ausland","Ausland","Mio. Fr.","SIX Payment Services","täglich","ja","https://github.com/statistikZH/covid19monitoring_economy_SIX"
2020-01-23,8.6,"Wirtschaft","debiteinsatz_ausland","Debitkarteneinsatz Ausland","Ausland","Mio. Fr.","SIX Payment Services","täglich","ja","https://github.com/statistikZH/covid19monitoring_economy_SIX"
2020-01-24,9.6,"Wirtschaft","debiteinsatz_ausland","Debitkarteneinsatz Ausland","Ausland","Mio. Fr.","SIX Payment Services","täglich","ja","https://github.com/statistikZH/covid19monitoring_economy_SIX"
2020-01-25,14,"Wirtschaft","debiteinsatz_ausland","Debitkarteneinsatz Ausland","Ausland","Mio. Fr.","SIX Payment Services","täglich","ja","https://github.com/statistikZH/covid19monitoring_economy_SIX"
2020-01-26,2.8,"Wirtschaft","debiteinsatz_ausland","Debitkarteneinsatz Ausland","Ausland","Mio. Fr.","SIX Payment Services","täglich","ja","https://github.com/statistikZH/covid19monitoring_economy_SIX"
2020-01-27,27.7,"Wirtschaft","debiteinsatz_ausland","Debitkarteneinsatz Ausland","Ausland","Mio. Fr.","SIX Payment Services","täglich","ja","https://github.com/statistikZH/covid19monitoring_economy_SIX"
2020-01-28,14.8,"Wirtschaft","debiteinsatz_ausland","Debitkarteneinsatz Ausland","Ausland","Mio. Fr.","SIX Payment Services","täglich","ja","https://github.com/statistikZH/covid19monitoring_economy_SIX"
2020-01-29,11.2,"Wirtschaft","debiteinsatz_ausland","Debitkarteneinsatz Ausland","Ausland","Mio. Fr.","SIX Payment Services","täglich","ja","https://github.com/statistikZH/covid19monitoring_economy_SIX"
2020-01-30,10.9,"Wirtschaft","debiteinsatz_ausland","Debitkarteneinsatz Ausland","Ausland","Mio. Fr.","SIX Payment Services","täglich","ja","https://github.com/statistikZH/covid19monitoring_economy_SIX"
2020-01-31,11.3,"Wirtschaft","debiteinsatz_ausland","Debitkarteneinsatz Ausland","Ausland","Mio. Fr.","SIX Payment Services","täglich","ja","https://github.com/statistikZH/covid19monitoring_economy_SIX"
2020-02-01,14.6,"Wirtschaft","debiteinsatz_ausland","Debitkarteneinsatz Ausland","Ausland","Mio. Fr.","SIX Payment Services","täglich","ja","https://github.com/statistikZH/covid19monitoring_economy_SIX"
2020-02-02,2.7,"Wirtschaft","debiteinsatz_ausland","Debitkarteneinsatz Ausland","Ausland","Mio. Fr.","SIX Payment Services","täglich","ja","https://github.com/statistikZH/covid19monitoring_economy_SIX"
2020-02-03,27,"Wirtschaft","debiteinsatz_ausland","Debitkarteneinsatz Ausland","Ausland","Mio. Fr.","SIX Payment Services","täglich","ja","https://github.com/statistikZH/covid19monitoring_economy_SIX"
2020-02-04,14.3,"Wirtschaft","debiteinsatz_ausland","Debitkarteneinsatz Ausland","Ausland","Mio. Fr.","SIX Payment Services","täglich","ja","https://github.com/statistikZH/covid19monitoring_economy_SIX"
2020-02-05,11.6,"Wirtschaft","debiteinsatz_ausland","Debitkarteneinsatz Ausland","Ausland","Mio. Fr.","SIX Payment Services","täglich","ja","https://github.com/statistikZH/covid19monitoring_economy_SIX"
2020-02-06,11,"Wirtschaft","debiteinsatz_ausland","Debitkarteneinsatz Ausland","Ausland","Mio. Fr.","SIX Payment Services","täglich","ja","https://github.com/statistikZH/covid19monitoring_economy_SIX"
2020-02-07,11.2,"Wirtschaft","debiteinsatz_ausland","Debitkarteneinsatz Ausland","Ausland","Mio. Fr.","SIX Payment Services","täglich","ja","https://github.com/statistikZH/covid19monitoring_economy_SIX"
2020-02-08,14.7,"Wirtschaft","debiteinsatz_ausland","Debitkarteneinsatz Ausland","Ausland","Mio. Fr.","SIX Payment Services","täglich","ja","https://github.com/statistikZH/covid19monitoring_economy_SIX"
2020-02-09,2.6,"Wirtschaft","debiteinsatz_ausland","Debitkarteneinsatz Ausland","Ausland","Mio. Fr.","SIX Payment Services","täglich","ja","https://github.com/statistikZH/covid19monitoring_economy_SIX"
2020-02-10,23.2,"Wirtschaft","debiteinsatz_ausland","Debitkarteneinsatz Ausland","Ausland","Mio. Fr.","SIX Payment Services","täglich","ja","https://github.com/statistikZH/covid19monitoring_economy_SIX"
2020-02-11,13.6,"Wirtschaft","debiteinsatz_ausland","Debitkarteneinsatz Ausland","Ausland","Mio. Fr.","SIX Payment Services","täglich","ja","https://github.com/statistikZH/covid19monitoring_economy_SIX"
2020-02-12,14.6,"Wirtschaft","debiteinsatz_ausland","Debitkarteneinsatz Ausland","Ausland","Mio. Fr.","SIX Payment Services","täglich","ja","https://github.com/statistikZH/covid19monitoring_economy_SIX"
2020-02-13,10.8,"Wirtschaft","debiteinsatz_ausland","Debitkarteneinsatz Ausland","Ausland","Mio. Fr.","SIX Payment Services","täglich","ja","https://github.com/statistikZH/covid19monitoring_economy_SIX"
2020-02-14,11.1,"Wirtschaft","debiteinsatz_ausland","Debitkarteneinsatz Ausland","Ausland","Mio. Fr.","SIX Payment Services","täglich","ja","https://github.com/statistikZH/covid19monitoring_economy_SIX"
2020-02-15,14.9,"Wirtschaft","debiteinsatz_ausland","Debitkarteneinsatz Ausland","Ausland","Mio. Fr.","SIX Payment Services","täglich","ja","https://github.com/statistikZH/covid19monitoring_economy_SIX"
2020-02-16,2.4,"Wirtschaft","debiteinsatz_ausland","Debitkarteneinsatz Ausland","Ausland","Mio. Fr.","SIX Payment Services","täglich","ja","https://github.com/statistikZH/covid19monitoring_economy_SIX"
2020-02-17,24.8,"Wirtschaft","debiteinsatz_ausland","Debitkarteneinsatz Ausland","Ausland","Mio. Fr.","SIX Payment Services","täglich","ja","https://github.com/statistikZH/covid19monitoring_economy_SIX"
2020-02-18,13.8,"Wirtschaft","debiteinsatz_ausland","Debitkarteneinsatz Ausland","Ausland","Mio. Fr.","SIX Payment Services","täglich","ja","https://github.com/statistikZH/covid19monitoring_economy_SIX"
2020-02-19,10.5,"Wirtschaft","debiteinsatz_ausland","Debitkarteneinsatz Ausland","Ausland","Mio. Fr.","SIX Payment Services","täglich","ja","https://github.com/statistikZH/covid19monitoring_economy_SIX"
2020-02-20,9.8,"Wirtschaft","debiteinsatz_ausland","Debitkarteneinsatz Ausland","Ausland","Mio. Fr.","SIX Payment Services","täglich","ja","https://github.com/statistikZH/covid19monitoring_economy_SIX"
2020-02-21,10.3,"Wirtschaft","debiteinsatz_ausland","Debitkarteneinsatz Ausland","Ausland","Mio. Fr.","SIX Payment Services","täglich","ja","https://github.com/statistikZH/covid19monitoring_economy_SIX"
2020-02-22,13.9,"Wirtschaft","debiteinsatz_ausland","Debitkarteneinsatz Ausland","Ausland","Mio. Fr.","SIX Payment Services","täglich","ja","https://github.com/statistikZH/covid19monitoring_economy_SIX"
2020-02-23,2.2,"Wirtschaft","debiteinsatz_ausland","Debitkarteneinsatz Ausland","Ausland","Mio. Fr.","SIX Payment Services","täglich","ja","https://github.com/statistikZH/covid19monitoring_economy_SIX"
2020-02-24,22.2,"Wirtschaft","debiteinsatz_ausland","Debitkarteneinsatz Ausland","Ausland","Mio. Fr.","SIX Payment Services","täglich","ja","https://github.com/statistikZH/covid19monitoring_economy_SIX"
2020-02-25,13.3,"Wirtschaft","debiteinsatz_ausland","Debitkarteneinsatz Ausland","Ausland","Mio. Fr.","SIX Payment Services","täglich","ja","https://github.com/statistikZH/covid19monitoring_economy_SIX"
2020-02-26,12.6,"Wirtschaft","debiteinsatz_ausland","Debitkarteneinsatz Ausland","Ausland","Mio. Fr.","SIX Payment Services","täglich","ja","https://github.com/statistikZH/covid19monitoring_economy_SIX"
2020-02-27,12.1,"Wirtschaft","debiteinsatz_ausland","Debitkarteneinsatz Ausland","Ausland","Mio. Fr.","SIX Payment Services","täglich","ja","https://github.com/statistikZH/covid19monitoring_economy_SIX"
2020-02-28,12.2,"Wirtschaft","debiteinsatz_ausland","Debitkarteneinsatz Ausland","Ausland","Mio. Fr.","SIX Payment Services","täglich","ja","https://github.com/statistikZH/covid19monitoring_economy_SIX"
2020-02-29,14.8,"Wirtschaft","debiteinsatz_ausland","Debitkarteneinsatz Ausland","Ausland","Mio. Fr.","SIX Payment Services","täglich","ja","https://github.com/statistikZH/covid19monitoring_economy_SIX"
2020-03-01,2.7,"Wirtschaft","debiteinsatz_ausland","Debitkarteneinsatz Ausland","Ausland","Mio. Fr.","SIX Payment Services","täglich","ja","https://github.com/statistikZH/covid19monitoring_economy_SIX"
2020-03-02,25.3,"Wirtschaft","debiteinsatz_ausland","Debitkarteneinsatz Ausland","Ausland","Mio. Fr.","SIX Payment Services","täglich","ja","https://github.com/statistikZH/covid19monitoring_economy_SIX"
2020-03-03,15.1,"Wirtschaft","debiteinsatz_ausland","Debitkarteneinsatz Ausland","Ausland","Mio. Fr.","SIX Payment Services","täglich","ja","https://github.com/statistikZH/covid19monitoring_economy_SIX"
2020-03-04,10.7,"Wirtschaft","debiteinsatz_ausland","Debitkarteneinsatz Ausland","Ausland","Mio. Fr.","SIX Payment Services","täglich","ja","https://github.com/statistikZH/covid19monitoring_economy_SIX"
2020-03-05,10.3,"Wirtschaft","debiteinsatz_ausland","Debitkarteneinsatz Ausland","Ausland","Mio. Fr.","SIX Payment Services","täglich","ja","https://github.com/statistikZH/covid19monitoring_economy_SIX"
2020-03-06,10.5,"Wirtschaft","debiteinsatz_ausland","Debitkarteneinsatz Ausland","Ausland","Mio. Fr.","SIX Payment Services","täglich","ja","https://github.com/statistikZH/covid19monitoring_economy_SIX"
2020-03-07,12.9,"Wirtschaft","debiteinsatz_ausland","Debitkarteneinsatz Ausland","Ausland","Mio. Fr.","SIX Payment Services","täglich","ja","https://github.com/statistikZH/covid19monitoring_economy_SIX"
2020-03-08,2.2,"Wirtschaft","debiteinsatz_ausland","Debitkarteneinsatz Ausland","Ausland","Mio. Fr.","SIX Payment Services","täglich","ja","https://github.com/statistikZH/covid19monitoring_economy_SIX"
2020-03-09,22.4,"Wirtschaft","debiteinsatz_ausland","Debitkarteneinsatz Ausland","Ausland","Mio. Fr.","SIX Payment Services","täglich","ja","https://github.com/statistikZH/covid19monitoring_economy_SIX"
2020-03-10,12.6,"Wirtschaft","debiteinsatz_ausland","Debitkarteneinsatz Ausland","Ausland","Mio. Fr.","SIX Payment Services","täglich","ja","https://github.com/statistikZH/covid19monitoring_economy_SIX"
2020-03-11,8.7,"Wirtschaft","debiteinsatz_ausland","Debitkarteneinsatz Ausland","Ausland","Mio. Fr.","SIX Payment Services","täglich","ja","https://github.com/statistikZH/covid19monitoring_economy_SIX"
2020-03-12,8.8,"Wirtschaft","debiteinsatz_ausland","Debitkarteneinsatz Ausland","Ausland","Mio. Fr.","SIX Payment Services","täglich","ja","https://github.com/statistikZH/covid19monitoring_economy_SIX"
2020-03-13,9.5,"Wirtschaft","debiteinsatz_ausland","Debitkarteneinsatz Ausland","Ausland","Mio. Fr.","SIX Payment Services","täglich","ja","https://github.com/statistikZH/covid19monitoring_economy_SIX"
2020-03-14,12.5,"Wirtschaft","debiteinsatz_ausland","Debitkarteneinsatz Ausland","Ausland","Mio. Fr.","SIX Payment Services","täglich","ja","https://github.com/statistikZH/covid19monitoring_economy_SIX"
2020-03-15,1.6,"Wirtschaft","debiteinsatz_ausland","Debitkarteneinsatz Ausland","Ausland","Mio. Fr.","SIX Payment Services","täglich","ja","https://github.com/statistikZH/covid19monitoring_economy_SIX"
2020-03-16,15,"Wirtschaft","debiteinsatz_ausland","Debitkarteneinsatz Ausland","Ausland","Mio. Fr.","SIX Payment Services","täglich","ja","https://github.com/statistikZH/covid19monitoring_economy_SIX"
2020-03-17,7.7,"Wirtschaft","debiteinsatz_ausland","Debitkarteneinsatz Ausland","Ausland","Mio. Fr.","SIX Payment Services","täglich","ja","https://github.com/statistikZH/covid19monitoring_economy_SIX"
2020-03-18,5.7,"Wirtschaft","debiteinsatz_ausland","Debitkarteneinsatz Ausland","Ausland","Mio. Fr.","SIX Payment Services","täglich","ja","https://github.com/statistikZH/covid19monitoring_economy_SIX"
2020-03-19,3.6,"Wirtschaft","debiteinsatz_ausland","Debitkarteneinsatz Ausland","Ausland","Mio. Fr.","SIX Payment Services","täglich","ja","https://github.com/statistikZH/covid19monitoring_economy_SIX"
2020-03-20,3.3,"Wirtschaft","debiteinsatz_ausland","Debitkarteneinsatz Ausland","Ausland","Mio. Fr.","SIX Payment Services","täglich","ja","https://github.com/statistikZH/covid19monitoring_economy_SIX"
2020-03-21,3.3,"Wirtschaft","debiteinsatz_ausland","Debitkarteneinsatz Ausland","Ausland","Mio. Fr.","SIX Payment Services","täglich","ja","https://github.com/statistikZH/covid19monitoring_economy_SIX"
2020-03-22,0.3,"Wirtschaft","debiteinsatz_ausland","Debitkarteneinsatz Ausland","Ausland","Mio. Fr.","SIX Payment Services","täglich","ja","https://github.com/statistikZH/covid19monitoring_economy_SIX"
2020-03-23,3.1,"Wirtschaft","debiteinsatz_ausland","Debitkarteneinsatz Ausland","Ausland","Mio. Fr.","SIX Payment Services","täglich","ja","https://github.com/statistikZH/covid19monitoring_economy_SIX"
2020-03-24,3.5,"Wirtschaft","debiteinsatz_ausland","Debitkarteneinsatz Ausland","Ausland","Mio. Fr.","SIX Payment Services","täglich","ja","https://github.com/statistikZH/covid19monitoring_economy_SIX"
2020-03-25,2.7,"Wirtschaft","debiteinsatz_ausland","Debitkarteneinsatz Ausland","Ausland","Mio. Fr.","SIX Payment Services","täglich","ja","https://github.com/statistikZH/covid19monitoring_economy_SIX"
2020-03-26,3.7,"Wirtschaft","debiteinsatz_ausland","Debitkarteneinsatz Ausland","Ausland","Mio. Fr.","SIX Payment Services","täglich","ja","https://github.com/statistikZH/covid19monitoring_economy_SIX"
2020-03-27,3.5,"Wirtschaft","debiteinsatz_ausland","Debitkarteneinsatz Ausland","Ausland","Mio. Fr.","SIX Payment Services","täglich","ja","https://github.com/statistikZH/covid19monitoring_economy_SIX"
2020-03-28,3.7,"Wirtschaft","debiteinsatz_ausland","Debitkarteneinsatz Ausland","Ausland","Mio. Fr.","SIX Payment Services","täglich","ja","https://github.com/statistikZH/covid19monitoring_economy_SIX"
2020-03-29,0.4,"Wirtschaft","debiteinsatz_ausland","Debitkarteneinsatz Ausland","Ausland","Mio. Fr.","SIX Payment Services","täglich","ja","https://github.com/statistikZH/covid19monitoring_economy_SIX"
2020-03-30,3.3,"Wirtschaft","debiteinsatz_ausland","Debitkarteneinsatz Ausland","Ausland","Mio. Fr.","SIX Payment Services","täglich","ja","https://github.com/statistikZH/covid19monitoring_economy_SIX"
2020-03-31,3.5,"Wirtschaft","debiteinsatz_ausland","Debitkarteneinsatz Ausland","Ausland","Mio. Fr.","SIX Payment Services","täglich","ja","https://github.com/statistikZH/covid19monitoring_economy_SIX"
2020-04-01,3.3,"Wirtschaft","debiteinsatz_ausland","Debitkarteneinsatz Ausland","Ausland","Mio. Fr.","SIX Payment Services","täglich","ja","https://github.com/statistikZH/covid19monitoring_economy_SIX"
2020-04-02,3.8,"Wirtschaft","debiteinsatz_ausland","Debitkarteneinsatz Ausland","Ausland","Mio. Fr.","SIX Payment Services","täglich","ja","https://github.com/statistikZH/covid19monitoring_economy_SIX"
2020-04-03,3.7,"Wirtschaft","debiteinsatz_ausland","Debitkarteneinsatz Ausland","Ausland","Mio. Fr.","SIX Payment Services","täglich","ja","https://github.com/statistikZH/covid19monitoring_economy_SIX"
2020-04-04,3.7,"Wirtschaft","debiteinsatz_ausland","Debitkarteneinsatz Ausland","Ausland","Mio. Fr.","SIX Payment Services","täglich","ja","https://github.com/statistikZH/covid19monitoring_economy_SIX"
2020-04-05,0.4,"Wirtschaft","debiteinsatz_ausland","Debitkarteneinsatz Ausland","Ausland","Mio. Fr.","SIX Payment Services","täglich","ja","https://github.com/statistikZH/covid19monitoring_economy_SIX"
2020-04-06,3.7,"Wirtschaft","debiteinsatz_ausland","Debitkarteneinsatz Ausland","Ausland","Mio. Fr.","SIX Payment Services","täglich","ja","https://github.com/statistikZH/covid19monitoring_economy_SIX"
2020-04-07,4.1,"Wirtschaft","debiteinsatz_ausland","Debitkarteneinsatz Ausland","Ausland","Mio. Fr.","SIX Payment Services","täglich","ja","https://github.com/statistikZH/covid19monitoring_economy_SIX"
2020-04-08,4.2,"Wirtschaft","debiteinsatz_ausland","Debitkarteneinsatz Ausland","Ausland","Mio. Fr.","SIX Payment Services","täglich","ja","https://github.com/statistikZH/covid19monitoring_economy_SIX"
2020-04-09,3.8,"Wirtschaft","debiteinsatz_ausland","Debitkarteneinsatz Ausland","Ausland","Mio. Fr.","SIX Payment Services","täglich","ja","https://github.com/statistikZH/covid19monitoring_economy_SIX"
2020-04-10,3.8,"Wirtschaft","debiteinsatz_ausland","Debitkarteneinsatz Ausland","Ausland","Mio. Fr.","SIX Payment Services","täglich","ja","https://github.com/statistikZH/covid19monitoring_economy_SIX"
2020-04-11,2.6,"Wirtschaft","debiteinsatz_ausland","Debitkarteneinsatz Ausland","Ausland","Mio. Fr.","SIX Payment Services","täglich","ja","https://github.com/statistikZH/covid19monitoring_economy_SIX"
2020-04-12,0.4,"Wirtschaft","debiteinsatz_ausland","Debitkarteneinsatz Ausland","Ausland","Mio. Fr.","SIX Payment Services","täglich","ja","https://github.com/statistikZH/covid19monitoring_economy_SIX"
2020-04-13,2.6,"Wirtschaft","debiteinsatz_ausland","Debitkarteneinsatz Ausland","Ausland","Mio. Fr.","SIX Payment Services","täglich","ja","https://github.com/statistikZH/covid19monitoring_economy_SIX"
2020-04-14,1.8,"Wirtschaft","debiteinsatz_ausland","Debitkarteneinsatz Ausland","Ausland","Mio. Fr.","SIX Payment Services","täglich","ja","https://github.com/statistikZH/covid19monitoring_economy_SIX"
2020-04-15,4,"Wirtschaft","debiteinsatz_ausland","Debitkarteneinsatz Ausland","Ausland","Mio. Fr.","SIX Payment Services","täglich","ja","https://github.com/statistikZH/covid19monitoring_economy_SIX"
2020-04-16,3.2,"Wirtschaft","debiteinsatz_ausland","Debitkarteneinsatz Ausland","Ausland","Mio. Fr.","SIX Payment Services","täglich","ja","https://github.com/statistikZH/covid19monitoring_economy_SIX"
2020-04-17,3.1,"Wirtschaft","debiteinsatz_ausland","Debitkarteneinsatz Ausland","Ausland","Mio. Fr.","SIX Payment Services","täglich","ja","https://github.com/statistikZH/covid19monitoring_economy_SIX"
2020-04-18,3.1,"Wirtschaft","debiteinsatz_ausland","Debitkarteneinsatz Ausland","Ausland","Mio. Fr.","SIX Payment Services","täglich","ja","https://github.com/statistikZH/covid19monitoring_economy_SIX"
2020-04-19,0.3,"Wirtschaft","debiteinsatz_ausland","Debitkarteneinsatz Ausland","Ausland","Mio. Fr.","SIX Payment Services","täglich","ja","https://github.com/statistikZH/covid19monitoring_economy_SIX"
2020-04-20,3.1,"Wirtschaft","debiteinsatz_ausland","Debitkarteneinsatz Ausland","Ausland","Mio. Fr.","SIX Payment Services","täglich","ja","https://github.com/statistikZH/covid19monitoring_economy_SIX"
2020-01-01,31.7,"Wirtschaft","bezug_bargeld","Bargeldbezug CH","CH","Mio. Fr.","SIX Payment Services","täglich","ja","https://github.com/statistikZH/covid19monitoring_economy_SIX"
2020-01-02,76.9,"Wirtschaft","bezug_bargeld","Bargeldbezug CH","CH","Mio. Fr.","SIX Payment Services","täglich","ja","https://github.com/statistikZH/covid19monitoring_economy_SIX"
2020-01-03,139.8,"Wirtschaft","bezug_bargeld","Bargeldbezug CH","CH","Mio. Fr.","SIX Payment Services","täglich","ja","https://github.com/statistikZH/covid19monitoring_economy_SIX"
2020-01-04,92.2,"Wirtschaft","bezug_bargeld","Bargeldbezug CH","CH","Mio. Fr.","SIX Payment Services","täglich","ja","https://github.com/statistikZH/covid19monitoring_economy_SIX"
2020-01-05,40.6,"Wirtschaft","bezug_bargeld","Bargeldbezug CH","CH","Mio. Fr.","SIX Payment Services","täglich","ja","https://github.com/statistikZH/covid19monitoring_economy_SIX"
2020-01-06,114.9,"Wirtschaft","bezug_bargeld","Bargeldbezug CH","CH","Mio. Fr.","SIX Payment Services","täglich","ja","https://github.com/statistikZH/covid19monitoring_economy_SIX"
2020-01-07,114.3,"Wirtschaft","bezug_bargeld","Bargeldbezug CH","CH","Mio. Fr.","SIX Payment Services","täglich","ja","https://github.com/statistikZH/covid19monitoring_economy_SIX"
2020-01-08,106.4,"Wirtschaft","bezug_bargeld","Bargeldbezug CH","CH","Mio. Fr.","SIX Payment Services","täglich","ja","https://github.com/statistikZH/covid19monitoring_economy_SIX"
2020-01-09,103.7,"Wirtschaft","bezug_bargeld","Bargeldbezug CH","CH","Mio. Fr.","SIX Payment Services","täglich","ja","https://github.com/statistikZH/covid19monitoring_economy_SIX"
2020-01-10,121.6,"Wirtschaft","bezug_bargeld","Bargeldbezug CH","CH","Mio. Fr.","SIX Payment Services","täglich","ja","https://github.com/statistikZH/covid19monitoring_economy_SIX"
2020-01-11,96.5,"Wirtschaft","bezug_bargeld","Bargeldbezug CH","CH","Mio. Fr.","SIX Payment Services","täglich","ja","https://github.com/statistikZH/covid19monitoring_economy_SIX"
2020-01-12,36.6,"Wirtschaft","bezug_bargeld","Bargeldbezug CH","CH","Mio. Fr.","SIX Payment Services","täglich","ja","https://github.com/statistikZH/covid19monitoring_economy_SIX"
2020-01-13,84.1,"Wirtschaft","bezug_bargeld","Bargeldbezug CH","CH","Mio. Fr.","SIX Payment Services","täglich","ja","https://github.com/statistikZH/covid19monitoring_economy_SIX"
2020-01-14,81.3,"Wirtschaft","bezug_bargeld","Bargeldbezug CH","CH","Mio. Fr.","SIX Payment Services","täglich","ja","https://github.com/statistikZH/covid19monitoring_economy_SIX"
2020-01-15,84.4,"Wirtschaft","bezug_bargeld","Bargeldbezug CH","CH","Mio. Fr.","SIX Payment Services","täglich","ja","https://github.com/statistikZH/covid19monitoring_economy_SIX"
2020-01-16,86.4,"Wirtschaft","bezug_bargeld","Bargeldbezug CH","CH","Mio. Fr.","SIX Payment Services","täglich","ja","https://github.com/statistikZH/covid19monitoring_economy_SIX"
2020-01-17,103.1,"Wirtschaft","bezug_bargeld","Bargeldbezug CH","CH","Mio. Fr.","SIX Payment Services","täglich","ja","https://github.com/statistikZH/covid19monitoring_economy_SIX"
2020-01-18,93,"Wirtschaft","bezug_bargeld","Bargeldbezug CH","CH","Mio. Fr.","SIX Payment Services","täglich","ja","https://github.com/statistikZH/covid19monitoring_economy_SIX"
2020-01-19,33.5,"Wirtschaft","bezug_bargeld","Bargeldbezug CH","CH","Mio. Fr.","SIX Payment Services","täglich","ja","https://github.com/statistikZH/covid19monitoring_economy_SIX"
2020-01-20,77.9,"Wirtschaft","bezug_bargeld","Bargeldbezug CH","CH","Mio. Fr.","SIX Payment Services","täglich","ja","https://github.com/statistikZH/covid19monitoring_economy_SIX"
2020-01-21,77.5,"Wirtschaft","bezug_bargeld","Bargeldbezug CH","CH","Mio. Fr.","SIX Payment Services","täglich","ja","https://github.com/statistikZH/covid19monitoring_economy_SIX"
2020-01-22,81.4,"Wirtschaft","bezug_bargeld","Bargeldbezug CH","CH","Mio. Fr.","SIX Payment Services","täglich","ja","https://github.com/statistikZH/covid19monitoring_economy_SIX"
2020-01-23,90,"Wirtschaft","bezug_bargeld","Bargeldbezug CH","CH","Mio. Fr.","SIX Payment Services","täglich","ja","https://github.com/statistikZH/covid19monitoring_economy_SIX"
2020-01-24,200.5,"Wirtschaft","bezug_bargeld","Bargeldbezug CH","CH","Mio. Fr.","SIX Payment Services","täglich","ja","https://github.com/statistikZH/covid19monitoring_economy_SIX"
2020-01-25,149.2,"Wirtschaft","bezug_bargeld","Bargeldbezug CH","CH","Mio. Fr.","SIX Payment Services","täglich","ja","https://github.com/statistikZH/covid19monitoring_economy_SIX"
2020-01-26,55.5,"Wirtschaft","bezug_bargeld","Bargeldbezug CH","CH","Mio. Fr.","SIX Payment Services","täglich","ja","https://github.com/statistikZH/covid19monitoring_economy_SIX"
2020-01-27,164.7,"Wirtschaft","bezug_bargeld","Bargeldbezug CH","CH","Mio. Fr.","SIX Payment Services","täglich","ja","https://github.com/statistikZH/covid19monitoring_economy_SIX"
2020-01-28,136,"Wirtschaft","bezug_bargeld","Bargeldbezug CH","CH","Mio. Fr.","SIX Payment Services","täglich","ja","https://github.com/statistikZH/covid19monitoring_economy_SIX"
2020-01-29,136.5,"Wirtschaft","bezug_bargeld","Bargeldbezug CH","CH","Mio. Fr.","SIX Payment Services","täglich","ja","https://github.com/statistikZH/covid19monitoring_economy_SIX"
2020-01-30,139.8,"Wirtschaft","bezug_bargeld","Bargeldbezug CH","CH","Mio. Fr.","SIX Payment Services","täglich","ja","https://github.com/statistikZH/covid19monitoring_economy_SIX"
2020-01-31,170.1,"Wirtschaft","bezug_bargeld","Bargeldbezug CH","CH","Mio. Fr.","SIX Payment Services","täglich","ja","https://github.com/statistikZH/covid19monitoring_economy_SIX"
2020-02-01,142,"Wirtschaft","bezug_bargeld","Bargeldbezug CH","CH","Mio. Fr.","SIX Payment Services","täglich","ja","https://github.com/statistikZH/covid19monitoring_economy_SIX"
2020-02-02,48.1,"Wirtschaft","bezug_bargeld","Bargeldbezug CH","CH","Mio. Fr.","SIX Payment Services","täglich","ja","https://github.com/statistikZH/covid19monitoring_economy_SIX"
2020-02-03,136.3,"Wirtschaft","bezug_bargeld","Bargeldbezug CH","CH","Mio. Fr.","SIX Payment Services","täglich","ja","https://github.com/statistikZH/covid19monitoring_economy_SIX"
2020-02-04,125.4,"Wirtschaft","bezug_bargeld","Bargeldbezug CH","CH","Mio. Fr.","SIX Payment Services","täglich","ja","https://github.com/statistikZH/covid19monitoring_economy_SIX"
2020-02-05,133.9,"Wirtschaft","bezug_bargeld","Bargeldbezug CH","CH","Mio. Fr.","SIX Payment Services","täglich","ja","https://github.com/statistikZH/covid19monitoring_economy_SIX"
2020-02-06,128.9,"Wirtschaft","bezug_bargeld","Bargeldbezug CH","CH","Mio. Fr.","SIX Payment Services","täglich","ja","https://github.com/statistikZH/covid19monitoring_economy_SIX"
2020-02-07,148.1,"Wirtschaft","bezug_bargeld","Bargeldbezug CH","CH","Mio. Fr.","SIX Payment Services","täglich","ja","https://github.com/statistikZH/covid19monitoring_economy_SIX"
2020-02-08,113,"Wirtschaft","bezug_bargeld","Bargeldbezug CH","CH","Mio. Fr.","SIX Payment Services","täglich","ja","https://github.com/statistikZH/covid19monitoring_economy_SIX"
2020-02-09,42.2,"Wirtschaft","bezug_bargeld","Bargeldbezug CH","CH","Mio. Fr.","SIX Payment Services","täglich","ja","https://github.com/statistikZH/covid19monitoring_economy_SIX"
2020-02-10,91.5,"Wirtschaft","bezug_bargeld","Bargeldbezug CH","CH","Mio. Fr.","SIX Payment Services","täglich","ja","https://github.com/statistikZH/covid19monitoring_economy_SIX"
2020-02-11,90.7,"Wirtschaft","bezug_bargeld","Bargeldbezug CH","CH","Mio. Fr.","SIX Payment Services","täglich","ja","https://github.com/statistikZH/covid19monitoring_economy_SIX"
2020-02-12,93.4,"Wirtschaft","bezug_bargeld","Bargeldbezug CH","CH","Mio. Fr.","SIX Payment Services","täglich","ja","https://github.com/statistikZH/covid19monitoring_economy_SIX"
2020-02-13,92.5,"Wirtschaft","bezug_bargeld","Bargeldbezug CH","CH","Mio. Fr.","SIX Payment Services","täglich","ja","https://github.com/statistikZH/covid19monitoring_economy_SIX"
2020-02-14,121,"Wirtschaft","bezug_bargeld","Bargeldbezug CH","CH","Mio. Fr.","SIX Payment Services","täglich","ja","https://github.com/statistikZH/covid19monitoring_economy_SIX"
2020-02-15,102.7,"Wirtschaft","bezug_bargeld","Bargeldbezug CH","CH","Mio. Fr.","SIX Payment Services","täglich","ja","https://github.com/statistikZH/covid19monitoring_economy_SIX"
2020-02-16,39.1,"Wirtschaft","bezug_bargeld","Bargeldbezug CH","CH","Mio. Fr.","SIX Payment Services","täglich","ja","https://github.com/statistikZH/covid19monitoring_economy_SIX"
2020-02-17,78.2,"Wirtschaft","bezug_bargeld","Bargeldbezug CH","CH","Mio. Fr.","SIX Payment Services","täglich","ja","https://github.com/statistikZH/covid19monitoring_economy_SIX"
2020-02-18,84,"Wirtschaft","bezug_bargeld","Bargeldbezug CH","CH","Mio. Fr.","SIX Payment Services","täglich","ja","https://github.com/statistikZH/covid19monitoring_economy_SIX"
2020-02-19,86.4,"Wirtschaft","bezug_bargeld","Bargeldbezug CH","CH","Mio. Fr.","SIX Payment Services","täglich","ja","https://github.com/statistikZH/covid19monitoring_economy_SIX"
2020-02-20,98.3,"Wirtschaft","bezug_bargeld","Bargeldbezug CH","CH","Mio. Fr.","SIX Payment Services","täglich","ja","https://github.com/statistikZH/covid19monitoring_economy_SIX"
2020-02-21,119.4,"Wirtschaft","bezug_bargeld","Bargeldbezug CH","CH","Mio. Fr.","SIX Payment Services","täglich","ja","https://github.com/statistikZH/covid19monitoring_economy_SIX"
2020-02-22,103.1,"Wirtschaft","bezug_bargeld","Bargeldbezug CH","CH","Mio. Fr.","SIX Payment Services","täglich","ja","https://github.com/statistikZH/covid19monitoring_economy_SIX"
2020-02-23,41.3,"Wirtschaft","bezug_bargeld","Bargeldbezug CH","CH","Mio. Fr.","SIX Payment Services","täglich","ja","https://github.com/statistikZH/covid19monitoring_economy_SIX"
2020-02-24,105.8,"Wirtschaft","bezug_bargeld","Bargeldbezug CH","CH","Mio. Fr.","SIX Payment Services","täglich","ja","https://github.com/statistikZH/covid19monitoring_economy_SIX"
2020-02-25,200.2,"Wirtschaft","bezug_bargeld","Bargeldbezug CH","CH","Mio. Fr.","SIX Payment Services","täglich","ja","https://github.com/statistikZH/covid19monitoring_economy_SIX"
2020-02-26,163.3,"Wirtschaft","bezug_bargeld","Bargeldbezug CH","CH","Mio. Fr.","SIX Payment Services","täglich","ja","https://github.com/statistikZH/covid19monitoring_economy_SIX"
2020-02-27,170.3,"Wirtschaft","bezug_bargeld","Bargeldbezug CH","CH","Mio. Fr.","SIX Payment Services","täglich","ja","https://github.com/statistikZH/covid19monitoring_economy_SIX"
2020-02-28,212.7,"Wirtschaft","bezug_bargeld","Bargeldbezug CH","CH","Mio. Fr.","SIX Payment Services","täglich","ja","https://github.com/statistikZH/covid19monitoring_economy_SIX"
2020-02-29,156.1,"Wirtschaft","bezug_bargeld","Bargeldbezug CH","CH","Mio. Fr.","SIX Payment Services","täglich","ja","https://github.com/statistikZH/covid19monitoring_economy_SIX"
2020-03-01,62.6,"Wirtschaft","bezug_bargeld","Bargeldbezug CH","CH","Mio. Fr.","SIX Payment Services","täglich","ja","https://github.com/statistikZH/covid19monitoring_economy_SIX"
2020-03-02,159.6,"Wirtschaft","bezug_bargeld","Bargeldbezug CH","CH","Mio. Fr.","SIX Payment Services","täglich","ja","https://github.com/statistikZH/covid19monitoring_economy_SIX"
2020-03-03,148.9,"Wirtschaft","bezug_bargeld","Bargeldbezug CH","CH","Mio. Fr.","SIX Payment Services","täglich","ja","https://github.com/statistikZH/covid19monitoring_economy_SIX"
2020-03-04,138.5,"Wirtschaft","bezug_bargeld","Bargeldbezug CH","CH","Mio. Fr.","SIX Payment Services","täglich","ja","https://github.com/statistikZH/covid19monitoring_economy_SIX"
2020-03-05,126,"Wirtschaft","bezug_bargeld","Bargeldbezug CH","CH","Mio. Fr.","SIX Payment Services","täglich","ja","https://github.com/statistikZH/covid19monitoring_economy_SIX"
2020-03-06,158.4,"Wirtschaft","bezug_bargeld","Bargeldbezug CH","CH","Mio. Fr.","SIX Payment Services","täglich","ja","https://github.com/statistikZH/covid19monitoring_economy_SIX"
2020-03-07,119.9,"Wirtschaft","bezug_bargeld","Bargeldbezug CH","CH","Mio. Fr.","SIX Payment Services","täglich","ja","https://github.com/statistikZH/covid19monitoring_economy_SIX"
2020-03-08,45.2,"Wirtschaft","bezug_bargeld","Bargeldbezug CH","CH","Mio. Fr.","SIX Payment Services","täglich","ja","https://github.com/statistikZH/covid19monitoring_economy_SIX"
2020-03-09,103.6,"Wirtschaft","bezug_bargeld","Bargeldbezug CH","CH","Mio. Fr.","SIX Payment Services","täglich","ja","https://github.com/statistikZH/covid19monitoring_economy_SIX"
2020-03-10,96.2,"Wirtschaft","bezug_bargeld","Bargeldbezug CH","CH","Mio. Fr.","SIX Payment Services","täglich","ja","https://github.com/statistikZH/covid19monitoring_economy_SIX"
2020-03-11,98.6,"Wirtschaft","bezug_bargeld","Bargeldbezug CH","CH","Mio. Fr.","SIX Payment Services","täglich","ja","https://github.com/statistikZH/covid19monitoring_economy_SIX"
2020-03-12,101.8,"Wirtschaft","bezug_bargeld","Bargeldbezug CH","CH","Mio. Fr.","SIX Payment Services","täglich","ja","https://github.com/statistikZH/covid19monitoring_economy_SIX"
2020-03-13,131.1,"Wirtschaft","bezug_bargeld","Bargeldbezug CH","CH","Mio. Fr.","SIX Payment Services","täglich","ja","https://github.com/statistikZH/covid19monitoring_economy_SIX"
2020-03-14,97.3,"Wirtschaft","bezug_bargeld","Bargeldbezug CH","CH","Mio. Fr.","SIX Payment Services","täglich","ja","https://github.com/statistikZH/covid19monitoring_economy_SIX"
2020-03-15,38.8,"Wirtschaft","bezug_bargeld","Bargeldbezug CH","CH","Mio. Fr.","SIX Payment Services","täglich","ja","https://github.com/statistikZH/covid19monitoring_economy_SIX"
2020-03-16,117.6,"Wirtschaft","bezug_bargeld","Bargeldbezug CH","CH","Mio. Fr.","SIX Payment Services","täglich","ja","https://github.com/statistikZH/covid19monitoring_economy_SIX"
2020-03-17,68.5,"Wirtschaft","bezug_bargeld","Bargeldbezug CH","CH","Mio. Fr.","SIX Payment Services","täglich","ja","https://github.com/statistikZH/covid19monitoring_economy_SIX"
2020-03-18,61.2,"Wirtschaft","bezug_bargeld","Bargeldbezug CH","CH","Mio. Fr.","SIX Payment Services","täglich","ja","https://github.com/statistikZH/covid19monitoring_economy_SIX"
2020-03-19,61.4,"Wirtschaft","bezug_bargeld","Bargeldbezug CH","CH","Mio. Fr.","SIX Payment Services","täglich","ja","https://github.com/statistikZH/covid19monitoring_economy_SIX"
2020-03-20,80.2,"Wirtschaft","bezug_bargeld","Bargeldbezug CH","CH","Mio. Fr.","SIX Payment Services","täglich","ja","https://github.com/statistikZH/covid19monitoring_economy_SIX"
2020-03-21,42.2,"Wirtschaft","bezug_bargeld","Bargeldbezug CH","CH","Mio. Fr.","SIX Payment Services","täglich","ja","https://github.com/statistikZH/covid19monitoring_economy_SIX"
2020-03-22,18.9,"Wirtschaft","bezug_bargeld","Bargeldbezug CH","CH","Mio. Fr.","SIX Payment Services","täglich","ja","https://github.com/statistikZH/covid19monitoring_economy_SIX"
2020-03-23,56.1,"Wirtschaft","bezug_bargeld","Bargeldbezug CH","CH","Mio. Fr.","SIX Payment Services","täglich","ja","https://github.com/statistikZH/covid19monitoring_economy_SIX"
2020-03-24,63.9,"Wirtschaft","bezug_bargeld","Bargeldbezug CH","CH","Mio. Fr.","SIX Payment Services","täglich","ja","https://github.com/statistikZH/covid19monitoring_economy_SIX"
2020-03-25,152.2,"Wirtschaft","bezug_bargeld","Bargeldbezug CH","CH","Mio. Fr.","SIX Payment Services","täglich","ja","https://github.com/statistikZH/covid19monitoring_economy_SIX"
2020-03-26,124.5,"Wirtschaft","bezug_bargeld","Bargeldbezug CH","CH","Mio. Fr.","SIX Payment Services","täglich","ja","https://github.com/statistikZH/covid19monitoring_economy_SIX"
2020-03-27,134.3,"Wirtschaft","bezug_bargeld","Bargeldbezug CH","CH","Mio. Fr.","SIX Payment Services","täglich","ja","https://github.com/statistikZH/covid19monitoring_economy_SIX"
2020-03-28,78.7,"Wirtschaft","bezug_bargeld","Bargeldbezug CH","CH","Mio. Fr.","SIX Payment Services","täglich","ja","https://github.com/statistikZH/covid19monitoring_economy_SIX"
2020-03-29,29.9,"Wirtschaft","bezug_bargeld","Bargeldbezug CH","CH","Mio. Fr.","SIX Payment Services","täglich","ja","https://github.com/statistikZH/covid19monitoring_economy_SIX"
2020-03-30,111.1,"Wirtschaft","bezug_bargeld","Bargeldbezug CH","CH","Mio. Fr.","SIX Payment Services","täglich","ja","https://github.com/statistikZH/covid19monitoring_economy_SIX"
2020-03-31,107.3,"Wirtschaft","bezug_bargeld","Bargeldbezug CH","CH","Mio. Fr.","SIX Payment Services","täglich","ja","https://github.com/statistikZH/covid19monitoring_economy_SIX"
2020-04-01,108.3,"Wirtschaft","bezug_bargeld","Bargeldbezug CH","CH","Mio. Fr.","SIX Payment Services","täglich","ja","https://github.com/statistikZH/covid19monitoring_economy_SIX"
2020-04-02,96.6,"Wirtschaft","bezug_bargeld","Bargeldbezug CH","CH","Mio. Fr.","SIX Payment Services","täglich","ja","https://github.com/statistikZH/covid19monitoring_economy_SIX"
2020-04-03,104.7,"Wirtschaft","bezug_bargeld","Bargeldbezug CH","CH","Mio. Fr.","SIX Payment Services","täglich","ja","https://github.com/statistikZH/covid19monitoring_economy_SIX"
2020-04-04,61.7,"Wirtschaft","bezug_bargeld","Bargeldbezug CH","CH","Mio. Fr.","SIX Payment Services","täglich","ja","https://github.com/statistikZH/covid19monitoring_economy_SIX"
2020-04-05,24.5,"Wirtschaft","bezug_bargeld","Bargeldbezug CH","CH","Mio. Fr.","SIX Payment Services","täglich","ja","https://github.com/statistikZH/covid19monitoring_economy_SIX"
2020-04-06,96.3,"Wirtschaft","bezug_bargeld","Bargeldbezug CH","CH","Mio. Fr.","SIX Payment Services","täglich","ja","https://github.com/statistikZH/covid19monitoring_economy_SIX"
2020-04-07,85.9,"Wirtschaft","bezug_bargeld","Bargeldbezug CH","CH","Mio. Fr.","SIX Payment Services","täglich","ja","https://github.com/statistikZH/covid19monitoring_economy_SIX"
2020-04-08,77.2,"Wirtschaft","bezug_bargeld","Bargeldbezug CH","CH","Mio. Fr.","SIX Payment Services","täglich","ja","https://github.com/statistikZH/covid19monitoring_economy_SIX"
2020-04-09,76.2,"Wirtschaft","bezug_bargeld","Bargeldbezug CH","CH","Mio. Fr.","SIX Payment Services","täglich","ja","https://github.com/statistikZH/covid19monitoring_economy_SIX"
2020-04-10,27.8,"Wirtschaft","bezug_bargeld","Bargeldbezug CH","CH","Mio. Fr.","SIX Payment Services","täglich","ja","https://github.com/statistikZH/covid19monitoring_economy_SIX"
2020-04-11,48.2,"Wirtschaft","bezug_bargeld","Bargeldbezug CH","CH","Mio. Fr.","SIX Payment Services","täglich","ja","https://github.com/statistikZH/covid19monitoring_economy_SIX"
2020-04-12,14.6,"Wirtschaft","bezug_bargeld","Bargeldbezug CH","CH","Mio. Fr.","SIX Payment Services","täglich","ja","https://github.com/statistikZH/covid19monitoring_economy_SIX"
2020-04-13,21,"Wirtschaft","bezug_bargeld","Bargeldbezug CH","CH","Mio. Fr.","SIX Payment Services","täglich","ja","https://github.com/statistikZH/covid19monitoring_economy_SIX"
2020-04-14,65.6,"Wirtschaft","bezug_bargeld","Bargeldbezug CH","CH","Mio. Fr.","SIX Payment Services","täglich","ja","https://github.com/statistikZH/covid19monitoring_economy_SIX"
2020-04-15,59.4,"Wirtschaft","bezug_bargeld","Bargeldbezug CH","CH","Mio. Fr.","SIX Payment Services","täglich","ja","https://github.com/statistikZH/covid19monitoring_economy_SIX"
2020-04-16,56.9,"Wirtschaft","bezug_bargeld","Bargeldbezug CH","CH","Mio. Fr.","SIX Payment Services","täglich","ja","https://github.com/statistikZH/covid19monitoring_economy_SIX"
2020-04-17,62.3,"Wirtschaft","bezug_bargeld","Bargeldbezug CH","CH","Mio. Fr.","SIX Payment Services","täglich","ja","https://github.com/statistikZH/covid19monitoring_economy_SIX"
2020-04-18,45.6,"Wirtschaft","bezug_bargeld","Bargeldbezug CH","CH","Mio. Fr.","SIX Payment Services","täglich","ja","https://github.com/statistikZH/covid19monitoring_economy_SIX"
2020-04-19,19,"Wirtschaft","bezug_bargeld","Bargeldbezug CH","CH","Mio. Fr.","SIX Payment Services","täglich","ja","https://github.com/statistikZH/covid19monitoring_economy_SIX"
2020-04-20,59.1,"Wirtschaft","bezug_bargeld","Bargeldbezug CH","CH","Mio. Fr.","SIX Payment Services","täglich","ja","https://github.com/statistikZH/covid19monitoring_economy_SIX"
2020-01-01,39.6,"Wirtschaft","stat_einkauf","Stationärer Einkauf CH","CH","Mio. Fr.","SIX Payment Services","täglich","ja","https://github.com/statistikZH/covid19monitoring_economy_SIX"
2020-01-02,77,"Wirtschaft","stat_einkauf","Stationärer Einkauf CH","CH","Mio. Fr.","SIX Payment Services","täglich","ja","https://github.com/statistikZH/covid19monitoring_economy_SIX"
2020-01-03,131.3,"Wirtschaft","stat_einkauf","Stationärer Einkauf CH","CH","Mio. Fr.","SIX Payment Services","täglich","ja","https://github.com/statistikZH/covid19monitoring_economy_SIX"
2020-01-04,139.5,"Wirtschaft","stat_einkauf","Stationärer Einkauf CH","CH","Mio. Fr.","SIX Payment Services","täglich","ja","https://github.com/statistikZH/covid19monitoring_economy_SIX"
2020-01-05,26,"Wirtschaft","stat_einkauf","Stationärer Einkauf CH","CH","Mio. Fr.","SIX Payment Services","täglich","ja","https://github.com/statistikZH/covid19monitoring_economy_SIX"
2020-01-06,107.3,"Wirtschaft","stat_einkauf","Stationärer Einkauf CH","CH","Mio. Fr.","SIX Payment Services","täglich","ja","https://github.com/statistikZH/covid19monitoring_economy_SIX"
2020-01-07,96.3,"Wirtschaft","stat_einkauf","Stationärer Einkauf CH","CH","Mio. Fr.","SIX Payment Services","täglich","ja","https://github.com/statistikZH/covid19monitoring_economy_SIX"
2020-01-08,99.6,"Wirtschaft","stat_einkauf","Stationärer Einkauf CH","CH","Mio. Fr.","SIX Payment Services","täglich","ja","https://github.com/statistikZH/covid19monitoring_economy_SIX"
2020-01-09,99.6,"Wirtschaft","stat_einkauf","Stationärer Einkauf CH","CH","Mio. Fr.","SIX Payment Services","täglich","ja","https://github.com/statistikZH/covid19monitoring_economy_SIX"
2020-01-10,123.4,"Wirtschaft","stat_einkauf","Stationärer Einkauf CH","CH","Mio. Fr.","SIX Payment Services","täglich","ja","https://github.com/statistikZH/covid19monitoring_economy_SIX"
2020-01-11,153.2,"Wirtschaft","stat_einkauf","Stationärer Einkauf CH","CH","Mio. Fr.","SIX Payment Services","täglich","ja","https://github.com/statistikZH/covid19monitoring_economy_SIX"
2020-01-12,28,"Wirtschaft","stat_einkauf","Stationärer Einkauf CH","CH","Mio. Fr.","SIX Payment Services","täglich","ja","https://github.com/statistikZH/covid19monitoring_economy_SIX"
2020-01-13,104.5,"Wirtschaft","stat_einkauf","Stationärer Einkauf CH","CH","Mio. Fr.","SIX Payment Services","täglich","ja","https://github.com/statistikZH/covid19monitoring_economy_SIX"
2020-01-14,90.3,"Wirtschaft","stat_einkauf","Stationärer Einkauf CH","CH","Mio. Fr.","SIX Payment Services","täglich","ja","https://github.com/statistikZH/covid19monitoring_economy_SIX"
2020-01-15,94.4,"Wirtschaft","stat_einkauf","Stationärer Einkauf CH","CH","Mio. Fr.","SIX Payment Services","täglich","ja","https://github.com/statistikZH/covid19monitoring_economy_SIX"
2020-01-16,96.1,"Wirtschaft","stat_einkauf","Stationärer Einkauf CH","CH","Mio. Fr.","SIX Payment Services","täglich","ja","https://github.com/statistikZH/covid19monitoring_economy_SIX"
2020-01-17,117.1,"Wirtschaft","stat_einkauf","Stationärer Einkauf CH","CH","Mio. Fr.","SIX Payment Services","täglich","ja","https://github.com/statistikZH/covid19monitoring_economy_SIX"
2020-01-18,148.6,"Wirtschaft","stat_einkauf","Stationärer Einkauf CH","CH","Mio. Fr.","SIX Payment Services","täglich","ja","https://github.com/statistikZH/covid19monitoring_economy_SIX"
2020-01-19,27.5,"Wirtschaft","stat_einkauf","Stationärer Einkauf CH","CH","Mio. Fr.","SIX Payment Services","täglich","ja","https://github.com/statistikZH/covid19monitoring_economy_SIX"
2020-01-20,102.9,"Wirtschaft","stat_einkauf","Stationärer Einkauf CH","CH","Mio. Fr.","SIX Payment Services","täglich","ja","https://github.com/statistikZH/covid19monitoring_economy_SIX"
2020-01-21,86.2,"Wirtschaft","stat_einkauf","Stationärer Einkauf CH","CH","Mio. Fr.","SIX Payment Services","täglich","ja","https://github.com/statistikZH/covid19monitoring_economy_SIX"
2020-01-22,91.1,"Wirtschaft","stat_einkauf","Stationärer Einkauf CH","CH","Mio. Fr.","SIX Payment Services","täglich","ja","https://github.com/statistikZH/covid19monitoring_economy_SIX"
2020-01-23,94.3,"Wirtschaft","stat_einkauf","Stationärer Einkauf CH","CH","Mio. Fr.","SIX Payment Services","täglich","ja","https://github.com/statistikZH/covid19monitoring_economy_SIX"
2020-01-24,131,"Wirtschaft","stat_einkauf","Stationärer Einkauf CH","CH","Mio. Fr.","SIX Payment Services","täglich","ja","https://github.com/statistikZH/covid19monitoring_economy_SIX"
2020-01-25,167.6,"Wirtschaft","stat_einkauf","Stationärer Einkauf CH","CH","Mio. Fr.","SIX Payment Services","täglich","ja","https://github.com/statistikZH/covid19monitoring_economy_SIX"
2020-01-26,31.7,"Wirtschaft","stat_einkauf","Stationärer Einkauf CH","CH","Mio. Fr.","SIX Payment Services","täglich","ja","https://github.com/statistikZH/covid19monitoring_economy_SIX"
2020-01-27,117.9,"Wirtschaft","stat_einkauf","Stationärer Einkauf CH","CH","Mio. Fr.","SIX Payment Services","täglich","ja","https://github.com/statistikZH/covid19monitoring_economy_SIX"
2020-01-28,95.8,"Wirtschaft","stat_einkauf","Stationärer Einkauf CH","CH","Mio. Fr.","SIX Payment Services","täglich","ja","https://github.com/statistikZH/covid19monitoring_economy_SIX"
2020-01-29,101,"Wirtschaft","stat_einkauf","Stationärer Einkauf CH","CH","Mio. Fr.","SIX Payment Services","täglich","ja","https://github.com/statistikZH/covid19monitoring_economy_SIX"
2020-01-30,104.8,"Wirtschaft","stat_einkauf","Stationärer Einkauf CH","CH","Mio. Fr.","SIX Payment Services","täglich","ja","https://github.com/statistikZH/covid19monitoring_economy_SIX"
2020-01-31,129.5,"Wirtschaft","stat_einkauf","Stationärer Einkauf CH","CH","Mio. Fr.","SIX Payment Services","täglich","ja","https://github.com/statistikZH/covid19monitoring_economy_SIX"
2020-02-01,164.7,"Wirtschaft","stat_einkauf","Stationärer Einkauf CH","CH","Mio. Fr.","SIX Payment Services","täglich","ja","https://github.com/statistikZH/covid19monitoring_economy_SIX"
2020-02-02,29.5,"Wirtschaft","stat_einkauf","Stationärer Einkauf CH","CH","Mio. Fr.","SIX Payment Services","täglich","ja","https://github.com/statistikZH/covid19monitoring_economy_SIX"
2020-02-03,112.7,"Wirtschaft","stat_einkauf","Stationärer Einkauf CH","CH","Mio. Fr.","SIX Payment Services","täglich","ja","https://github.com/statistikZH/covid19monitoring_economy_SIX"
2020-02-04,91.8,"Wirtschaft","stat_einkauf","Stationärer Einkauf CH","CH","Mio. Fr.","SIX Payment Services","täglich","ja","https://github.com/statistikZH/covid19monitoring_economy_SIX"
2020-02-05,99.7,"Wirtschaft","stat_einkauf","Stationärer Einkauf CH","CH","Mio. Fr.","SIX Payment Services","täglich","ja","https://github.com/statistikZH/covid19monitoring_economy_SIX"
2020-02-06,101.9,"Wirtschaft","stat_einkauf","Stationärer Einkauf CH","CH","Mio. Fr.","SIX Payment Services","täglich","ja","https://github.com/statistikZH/covid19monitoring_economy_SIX"
2020-02-07,123,"Wirtschaft","stat_einkauf","Stationärer Einkauf CH","CH","Mio. Fr.","SIX Payment Services","täglich","ja","https://github.com/statistikZH/covid19monitoring_economy_SIX"
2020-02-08,151.7,"Wirtschaft","stat_einkauf","Stationärer Einkauf CH","CH","Mio. Fr.","SIX Payment Services","täglich","ja","https://github.com/statistikZH/covid19monitoring_economy_SIX"
2020-02-09,31,"Wirtschaft","stat_einkauf","Stationärer Einkauf CH","CH","Mio. Fr.","SIX Payment Services","täglich","ja","https://github.com/statistikZH/covid19monitoring_economy_SIX"
2020-02-10,105.6,"Wirtschaft","stat_einkauf","Stationärer Einkauf CH","CH","Mio. Fr.","SIX Payment Services","täglich","ja","https://github.com/statistikZH/covid19monitoring_economy_SIX"
2020-02-11,90.6,"Wirtschaft","stat_einkauf","Stationärer Einkauf CH","CH","Mio. Fr.","SIX Payment Services","täglich","ja","https://github.com/statistikZH/covid19monitoring_economy_SIX"
2020-02-12,96.3,"Wirtschaft","stat_einkauf","Stationärer Einkauf CH","CH","Mio. Fr.","SIX Payment Services","täglich","ja","https://github.com/statistikZH/covid19monitoring_economy_SIX"
2020-02-13,98.9,"Wirtschaft","stat_einkauf","Stationärer Einkauf CH","CH","Mio. Fr.","SIX Payment Services","täglich","ja","https://github.com/statistikZH/covid19monitoring_economy_SIX"
2020-02-14,128.8,"Wirtschaft","stat_einkauf","Stationärer Einkauf CH","CH","Mio. Fr.","SIX Payment Services","täglich","ja","https://github.com/statistikZH/covid19monitoring_economy_SIX"
2020-02-15,148,"Wirtschaft","stat_einkauf","Stationärer Einkauf CH","CH","Mio. Fr.","SIX Payment Services","täglich","ja","https://github.com/statistikZH/covid19monitoring_economy_SIX"
2020-02-16,30.2,"Wirtschaft","stat_einkauf","Stationärer Einkauf CH","CH","Mio. Fr.","SIX Payment Services","täglich","ja","https://github.com/statistikZH/covid19monitoring_economy_SIX"
2020-02-17,105.9,"Wirtschaft","stat_einkauf","Stationärer Einkauf CH","CH","Mio. Fr.","SIX Payment Services","täglich","ja","https://github.com/statistikZH/covid19monitoring_economy_SIX"
2020-02-18,88.2,"Wirtschaft","stat_einkauf","Stationärer Einkauf CH","CH","Mio. Fr.","SIX Payment Services","täglich","ja","https://github.com/statistikZH/covid19monitoring_economy_SIX"
2020-02-19,92.2,"Wirtschaft","stat_einkauf","Stationärer Einkauf CH","CH","Mio. Fr.","SIX Payment Services","täglich","ja","https://github.com/statistikZH/covid19monitoring_economy_SIX"
2020-02-20,90.8,"Wirtschaft","stat_einkauf","Stationärer Einkauf CH","CH","Mio. Fr.","SIX Payment Services","täglich","ja","https://github.com/statistikZH/covid19monitoring_economy_SIX"
2020-02-21,115.7,"Wirtschaft","stat_einkauf","Stationärer Einkauf CH","CH","Mio. Fr.","SIX Payment Services","täglich","ja","https://github.com/statistikZH/covid19monitoring_economy_SIX"
2020-02-22,140.9,"Wirtschaft","stat_einkauf","Stationärer Einkauf CH","CH","Mio. Fr.","SIX Payment Services","täglich","ja","https://github.com/statistikZH/covid19monitoring_economy_SIX"
2020-02-23,27.2,"Wirtschaft","stat_einkauf","Stationärer Einkauf CH","CH","Mio. Fr.","SIX Payment Services","täglich","ja","https://github.com/statistikZH/covid19monitoring_economy_SIX"
2020-02-24,106.1,"Wirtschaft","stat_einkauf","Stationärer Einkauf CH","CH","Mio. Fr.","SIX Payment Services","täglich","ja","https://github.com/statistikZH/covid19monitoring_economy_SIX"
2020-02-25,105.6,"Wirtschaft","stat_einkauf","Stationärer Einkauf CH","CH","Mio. Fr.","SIX Payment Services","täglich","ja","https://github.com/statistikZH/covid19monitoring_economy_SIX"
2020-02-26,111.4,"Wirtschaft","stat_einkauf","Stationärer Einkauf CH","CH","Mio. Fr.","SIX Payment Services","täglich","ja","https://github.com/statistikZH/covid19monitoring_economy_SIX"
2020-02-27,118.9,"Wirtschaft","stat_einkauf","Stationärer Einkauf CH","CH","Mio. Fr.","SIX Payment Services","täglich","ja","https://github.com/statistikZH/covid19monitoring_economy_SIX"
2020-02-28,147.4,"Wirtschaft","stat_einkauf","Stationärer Einkauf CH","CH","Mio. Fr.","SIX Payment Services","täglich","ja","https://github.com/statistikZH/covid19monitoring_economy_SIX"
2020-02-29,173.5,"Wirtschaft","stat_einkauf","Stationärer Einkauf CH","CH","Mio. Fr.","SIX Payment Services","täglich","ja","https://github.com/statistikZH/covid19monitoring_economy_SIX"
2020-03-01,30,"Wirtschaft","stat_einkauf","Stationärer Einkauf CH","CH","Mio. Fr.","SIX Payment Services","täglich","ja","https://github.com/statistikZH/covid19monitoring_economy_SIX"
2020-03-02,117.6,"Wirtschaft","stat_einkauf","Stationärer Einkauf CH","CH","Mio. Fr.","SIX Payment Services","täglich","ja","https://github.com/statistikZH/covid19monitoring_economy_SIX"
2020-03-03,97.3,"Wirtschaft","stat_einkauf","Stationärer Einkauf CH","CH","Mio. Fr.","SIX Payment Services","täglich","ja","https://github.com/statistikZH/covid19monitoring_economy_SIX"
2020-03-04,100.5,"Wirtschaft","stat_einkauf","Stationärer Einkauf CH","CH","Mio. Fr.","SIX Payment Services","täglich","ja","https://github.com/statistikZH/covid19monitoring_economy_SIX"
2020-03-05,102,"Wirtschaft","stat_einkauf","Stationärer Einkauf CH","CH","Mio. Fr.","SIX Payment Services","täglich","ja","https://github.com/statistikZH/covid19monitoring_economy_SIX"
2020-03-06,129.5,"Wirtschaft","stat_einkauf","Stationärer Einkauf CH","CH","Mio. Fr.","SIX Payment Services","täglich","ja","https://github.com/statistikZH/covid19monitoring_economy_SIX"
2020-03-07,162.9,"Wirtschaft","stat_einkauf","Stationärer Einkauf CH","CH","Mio. Fr.","SIX Payment Services","täglich","ja","https://github.com/statistikZH/covid19monitoring_economy_SIX"
2020-03-08,29.4,"Wirtschaft","stat_einkauf","Stationärer Einkauf CH","CH","Mio. Fr.","SIX Payment Services","täglich","ja","https://github.com/statistikZH/covid19monitoring_economy_SIX"
2020-03-09,111.7,"Wirtschaft","stat_einkauf","Stationärer Einkauf CH","CH","Mio. Fr.","SIX Payment Services","täglich","ja","https://github.com/statistikZH/covid19monitoring_economy_SIX"
2020-03-10,94.5,"Wirtschaft","stat_einkauf","Stationärer Einkauf CH","CH","Mio. Fr.","SIX Payment Services","täglich","ja","https://github.com/statistikZH/covid19monitoring_economy_SIX"
2020-03-11,99.9,"Wirtschaft","stat_einkauf","Stationärer Einkauf CH","CH","Mio. Fr.","SIX Payment Services","täglich","ja","https://github.com/statistikZH/covid19monitoring_economy_SIX"
2020-03-12,111.7,"Wirtschaft","stat_einkauf","Stationärer Einkauf CH","CH","Mio. Fr.","SIX Payment Services","täglich","ja","https://github.com/statistikZH/covid19monitoring_economy_SIX"
2020-03-13,171,"Wirtschaft","stat_einkauf","Stationärer Einkauf CH","CH","Mio. Fr.","SIX Payment Services","täglich","ja","https://github.com/statistikZH/covid19monitoring_economy_SIX"
2020-03-14,170.9,"Wirtschaft","stat_einkauf","Stationärer Einkauf CH","CH","Mio. Fr.","SIX Payment Services","täglich","ja","https://github.com/statistikZH/covid19monitoring_economy_SIX"
2020-03-15,20.5,"Wirtschaft","stat_einkauf","Stationärer Einkauf CH","CH","Mio. Fr.","SIX Payment Services","täglich","ja","https://github.com/statistikZH/covid19monitoring_economy_SIX"
2020-03-16,160.8,"Wirtschaft","stat_einkauf","Stationärer Einkauf CH","CH","Mio. Fr.","SIX Payment Services","täglich","ja","https://github.com/statistikZH/covid19monitoring_economy_SIX"
2020-03-17,78,"Wirtschaft","stat_einkauf","Stationärer Einkauf CH","CH","Mio. Fr.","SIX Payment Services","täglich","ja","https://github.com/statistikZH/covid19monitoring_economy_SIX"
2020-03-18,71.8,"Wirtschaft","stat_einkauf","Stationärer Einkauf CH","CH","Mio. Fr.","SIX Payment Services","täglich","ja","https://github.com/statistikZH/covid19monitoring_economy_SIX"
2020-03-19,75,"Wirtschaft","stat_einkauf","Stationärer Einkauf CH","CH","Mio. Fr.","SIX Payment Services","täglich","ja","https://github.com/statistikZH/covid19monitoring_economy_SIX"
2020-03-20,103.4,"Wirtschaft","stat_einkauf","Stationärer Einkauf CH","CH","Mio. Fr.","SIX Payment Services","täglich","ja","https://github.com/statistikZH/covid19monitoring_economy_SIX"
2020-03-21,75.9,"Wirtschaft","stat_einkauf","Stationärer Einkauf CH","CH","Mio. Fr.","SIX Payment Services","täglich","ja","https://github.com/statistikZH/covid19monitoring_economy_SIX"
2020-03-22,8.9,"Wirtschaft","stat_einkauf","Stationärer Einkauf CH","CH","Mio. Fr.","SIX Payment Services","täglich","ja","https://github.com/statistikZH/covid19monitoring_economy_SIX"
2020-03-23,63.8,"Wirtschaft","stat_einkauf","Stationärer Einkauf CH","CH","Mio. Fr.","SIX Payment Services","täglich","ja","https://github.com/statistikZH/covid19monitoring_economy_SIX"
2020-03-24,61.2,"Wirtschaft","stat_einkauf","Stationärer Einkauf CH","CH","Mio. Fr.","SIX Payment Services","täglich","ja","https://github.com/statistikZH/covid19monitoring_economy_SIX"
2020-03-25,69.8,"Wirtschaft","stat_einkauf","Stationärer Einkauf CH","CH","Mio. Fr.","SIX Payment Services","täglich","ja","https://github.com/statistikZH/covid19monitoring_economy_SIX"
2020-03-26,74.3,"Wirtschaft","stat_einkauf","Stationärer Einkauf CH","CH","Mio. Fr.","SIX Payment Services","täglich","ja","https://github.com/statistikZH/covid19monitoring_economy_SIX"
2020-03-27,97.1,"Wirtschaft","stat_einkauf","Stationärer Einkauf CH","CH","Mio. Fr.","SIX Payment Services","täglich","ja","https://github.com/statistikZH/covid19monitoring_economy_SIX"
2020-03-28,91.7,"Wirtschaft","stat_einkauf","Stationärer Einkauf CH","CH","Mio. Fr.","SIX Payment Services","täglich","ja","https://github.com/statistikZH/covid19monitoring_economy_SIX"
2020-03-29,10,"Wirtschaft","stat_einkauf","Stationärer Einkauf CH","CH","Mio. Fr.","SIX Payment Services","täglich","ja","https://github.com/statistikZH/covid19monitoring_economy_SIX"
2020-03-30,71.3,"Wirtschaft","stat_einkauf","Stationärer Einkauf CH","CH","Mio. Fr.","SIX Payment Services","täglich","ja","https://github.com/statistikZH/covid19monitoring_economy_SIX"
2020-03-31,71.6,"Wirtschaft","stat_einkauf","Stationärer Einkauf CH","CH","Mio. Fr.","SIX Payment Services","täglich","ja","https://github.com/statistikZH/covid19monitoring_economy_SIX"
2020-04-01,73,"Wirtschaft","stat_einkauf","Stationärer Einkauf CH","CH","Mio. Fr.","SIX Payment Services","täglich","ja","https://github.com/statistikZH/covid19monitoring_economy_SIX"
2020-04-02,77.9,"Wirtschaft","stat_einkauf","Stationärer Einkauf CH","CH","Mio. Fr.","SIX Payment Services","täglich","ja","https://github.com/statistikZH/covid19monitoring_economy_SIX"
2020-04-03,104.9,"Wirtschaft","stat_einkauf","Stationärer Einkauf CH","CH","Mio. Fr.","SIX Payment Services","täglich","ja","https://github.com/statistikZH/covid19monitoring_economy_SIX"
2020-04-04,99.9,"Wirtschaft","stat_einkauf","Stationärer Einkauf CH","CH","Mio. Fr.","SIX Payment Services","täglich","ja","https://github.com/statistikZH/covid19monitoring_economy_SIX"
2020-04-05,12.6,"Wirtschaft","stat_einkauf","Stationärer Einkauf CH","CH","Mio. Fr.","SIX Payment Services","täglich","ja","https://github.com/statistikZH/covid19monitoring_economy_SIX"
2020-04-06,81.4,"Wirtschaft","stat_einkauf","Stationärer Einkauf CH","CH","Mio. Fr.","SIX Payment Services","täglich","ja","https://github.com/statistikZH/covid19monitoring_economy_SIX"
2020-04-07,89,"Wirtschaft","stat_einkauf","Stationärer Einkauf CH","CH","Mio. Fr.","SIX Payment Services","täglich","ja","https://github.com/statistikZH/covid19monitoring_economy_SIX"
2020-04-08,110.8,"Wirtschaft","stat_einkauf","Stationärer Einkauf CH","CH","Mio. Fr.","SIX Payment Services","täglich","ja","https://github.com/statistikZH/covid19monitoring_economy_SIX"
2020-04-09,125.4,"Wirtschaft","stat_einkauf","Stationärer Einkauf CH","CH","Mio. Fr.","SIX Payment Services","täglich","ja","https://github.com/statistikZH/covid19monitoring_economy_SIX"
2020-04-10,32.1,"Wirtschaft","stat_einkauf","Stationärer Einkauf CH","CH","Mio. Fr.","SIX Payment Services","täglich","ja","https://github.com/statistikZH/covid19monitoring_economy_SIX"
2020-04-11,109,"Wirtschaft","stat_einkauf","Stationärer Einkauf CH","CH","Mio. Fr.","SIX Payment Services","täglich","ja","https://github.com/statistikZH/covid19monitoring_economy_SIX"
2020-04-12,12.2,"Wirtschaft","stat_einkauf","Stationärer Einkauf CH","CH","Mio. Fr.","SIX Payment Services","täglich","ja","https://github.com/statistikZH/covid19monitoring_economy_SIX"
2020-04-13,25.6,"Wirtschaft","stat_einkauf","Stationärer Einkauf CH","CH","Mio. Fr.","SIX Payment Services","täglich","ja","https://github.com/statistikZH/covid19monitoring_economy_SIX"
2020-04-14,78.4,"Wirtschaft","stat_einkauf","Stationärer Einkauf CH","CH","Mio. Fr.","SIX Payment Services","täglich","ja","https://github.com/statistikZH/covid19monitoring_economy_SIX"
2020-04-15,79.2,"Wirtschaft","stat_einkauf","Stationärer Einkauf CH","CH","Mio. Fr.","SIX Payment Services","täglich","ja","https://github.com/statistikZH/covid19monitoring_economy_SIX"
2020-04-16,78.5,"Wirtschaft","stat_einkauf","Stationärer Einkauf CH","CH","Mio. Fr.","SIX Payment Services","täglich","ja","https://github.com/statistikZH/covid19monitoring_economy_SIX"
2020-04-17,98.9,"Wirtschaft","stat_einkauf","Stationärer Einkauf CH","CH","Mio. Fr.","SIX Payment Services","täglich","ja","https://github.com/statistikZH/covid19monitoring_economy_SIX"
2020-04-18,99.3,"Wirtschaft","stat_einkauf","Stationärer Einkauf CH","CH","Mio. Fr.","SIX Payment Services","täglich","ja","https://github.com/statistikZH/covid19monitoring_economy_SIX"
2020-04-19,12.3,"Wirtschaft","stat_einkauf","Stationärer Einkauf CH","CH","Mio. Fr.","SIX Payment Services","täglich","ja","https://github.com/statistikZH/covid19monitoring_economy_SIX"
2020-04-20,70.3,"Wirtschaft","stat_einkauf","Stationärer Einkauf CH","CH","Mio. Fr.","SIX Payment Services","täglich","ja","https://github.com/statistikZH/covid19monitoring_economy_SIX"
